mode,gqa,B,Hq,Hkv,S,D,d_pad,total_cycles,mxu_util,vpu_util,hbm_bw_gbs,device_us,avg_us,util_src,flops,bytes,fused,trace_dir,error
prefill,0,1,1,1,128,128,0,6280,0.51,,73.1,1.7933,46.841,analytic,8388608,131072,True,tb_logs/prefill_gqa0_B1_Hq1_Hkv1_S128_D128,
prefill,0,1,1,1,256,128,0,7157,1.79,,128.3,2.0436,43.878,analytic,33554432,262144,True,tb_logs/prefill_gqa0_B1_Hq1_Hkv1_S256_D128,
prefill,0,1,1,1,512,128,0,8914,5.74,,206.0,2.5455,50.413,analytic,134217728,524288,True,tb_logs/prefill_gqa0_B1_Hq1_Hkv1_S512_D128,
prefill,0,1,1,1,1024,128,0,17844,11.48,,205.8,5.0954,49.69,analytic,536870912,1048576,True,tb_logs/prefill_gqa0_B1_Hq1_Hkv1_S1024_D128,
prefill,0,1,1,1,2048,128,0,44877,18.26,,163.7,12.8146,37.743,analytic,2147483648,2097152,True,tb_logs/prefill_gqa0_B1_Hq1_Hkv1_S2048_D128,
prefill,0,1,4,4,128,128,0,11231,1.14,,163.5,3.207,43.829,analytic,33554432,524288,True,tb_logs/prefill_gqa0_B1_Hq4_Hkv4_S128_D128,
prefill,0,1,4,4,256,128,0,13136,3.9,,279.5,3.7511,33.69,analytic,134217728,1048576,True,tb_logs/prefill_gqa0_B1_Hq4_Hkv4_S256_D128,
prefill,0,1,4,4,512,128,0,17552,11.67,,418.4,5.012,48.06,analytic,536870912,2097152,True,tb_logs/prefill_gqa0_B1_Hq4_Hkv4_S512_D128,
prefill,0,1,4,4,1024,128,0,48313,16.96,,304.0,13.7959,41.92,analytic,2147483648,4194304,True,tb_logs/prefill_gqa0_B1_Hq4_Hkv4_S1024_D128,
prefill,0,1,4,4,2048,128,0,156718,20.91,,187.5,44.7511,59.92,analytic,8589934592,8388608,True,tb_logs/prefill_gqa0_B1_Hq4_Hkv4_S2048_D128,
prefill,0,1,8,8,128,128,0,17728,1.44,,207.1,5.0623,48.055,analytic,67108864,1048576,True,tb_logs/prefill_gqa0_B1_Hq8_Hkv8_S128_D128,
prefill,0,1,8,8,256,128,0,21086,4.86,,348.3,6.0212,47.757,analytic,268435456,2097152,True,tb_logs/prefill_gqa0_B1_Hq8_Hkv8_S256_D128,
prefill,0,1,8,8,512,128,0,28483,14.38,,515.7,8.1332,50.241,analytic,1073741824,4194304,True,tb_logs/prefill_gqa0_B1_Hq8_Hkv8_S512_D128,
prefill,0,1,8,8,1024,128,0,89216,18.36,,329.3,25.4757,52.44,analytic,4294967296,8388608,True,tb_logs/prefill_gqa0_B1_Hq8_Hkv8_S1024_D128,
prefill,0,1,8,8,2048,128,0,305512,21.45,,192.3,87.2394,113.364,analytic,17179869184,16777216,True,tb_logs/prefill_gqa0_B1_Hq8_Hkv8_S2048_D128,
prefill,0,2,1,1,128,128,0,8100,0.79,,113.3,2.3128,39.895,analytic,16777216,262144,True,tb_logs/prefill_gqa0_B2_Hq1_Hkv1_S128_D128,
prefill,0,2,1,1,256,128,0,9353,2.74,,196.3,2.6707,39.911,analytic,67108864,524288,True,tb_logs/prefill_gqa0_B2_Hq1_Hkv1_S256_D128,
prefill,0,2,1,1,512,128,0,11909,8.6,,308.3,3.4007,44.544,analytic,268435456,1048576,True,tb_logs/prefill_gqa0_B2_Hq1_Hkv1_S512_D128,
prefill,0,2,1,1,1024,128,0,29827,13.73,,246.2,8.5172,47.154,analytic,1073741824,2097152,True,tb_logs/prefill_gqa0_B2_Hq1_Hkv1_S1024_D128,
prefill,0,2,1,1,2048,128,0,86976,18.84,,168.9,24.836,45.97,analytic,4294967296,4194304,True,tb_logs/prefill_gqa0_B2_Hq1_Hkv1_S2048_D128,
prefill,0,2,4,4,128,128,0,18497,1.38,,198.5,5.282,33.624,analytic,67108864,1048576,True,tb_logs/prefill_gqa0_B2_Hq4_Hkv4_S128_D128,
prefill,0,2,4,4,256,128,0,22132,4.63,,331.8,6.3197,33.804,analytic,268435456,2097152,True,tb_logs/prefill_gqa0_B2_Hq4_Hkv4_S256_D128,
prefill,0,2,4,4,512,128,0,29871,13.71,,491.7,8.5297,33.412,analytic,1073741824,4194304,True,tb_logs/prefill_gqa0_B2_Hq4_Hkv4_S512_D128,
prefill,0,2,4,4,1024,128,0,93475,17.53,,314.3,26.6918,35.973,analytic,4294967296,8388608,True,tb_logs/prefill_gqa0_B2_Hq4_Hkv4_S1024_D128,
prefill,0,2,4,4,2048,128,0,322384,20.33,,182.2,92.0571,114.705,analytic,17179869184,16777216,True,tb_logs/prefill_gqa0_B2_Hq4_Hkv4_S2048_D128,
prefill,0,2,8,8,128,128,0,32005,1.6,,229.5,9.139,34.753,analytic,134217728,2097152,True,tb_logs/prefill_gqa0_B2_Hq8_Hkv8_S128_D128,
prefill,0,2,8,8,256,128,0,38397,5.33,,382.5,10.9644,33.68,analytic,536870912,4194304,True,tb_logs/prefill_gqa0_B2_Hq8_Hkv8_S256_D128,
prefill,0,2,8,8,512,128,0,52926,15.48,,555.1,15.1131,33.499,analytic,2147483648,8388608,True,tb_logs/prefill_gqa0_B2_Hq8_Hkv8_S512_D128,
prefill,0,2,8,8,1024,128,0,178495,18.36,,329.2,50.9695,64.747,analytic,8589934592,16777216,True,tb_logs/prefill_gqa0_B2_Hq8_Hkv8_S1024_D128,
prefill,0,2,8,8,2048,128,0,636189,20.6,,184.7,181.6644,231.417,analytic,34359738368,33554432,True,tb_logs/prefill_gqa0_B2_Hq8_Hkv8_S2048_D128,
prefill,0,4,1,1,128,128,0,11594,1.1,,158.4,3.3106,34.585,analytic,33554432,524288,True,tb_logs/prefill_gqa0_B4_Hq1_Hkv1_S128_D128,
prefill,0,4,1,1,256,128,0,13858,3.69,,265.0,3.9572,33.706,analytic,134217728,1048576,True,tb_logs/prefill_gqa0_B4_Hq1_Hkv1_S256_D128,
prefill,0,4,1,1,512,128,0,18151,11.28,,404.6,5.183,33.915,analytic,536870912,2097152,True,tb_logs/prefill_gqa0_B4_Hq1_Hkv1_S512_D128,
prefill,0,4,1,1,1024,128,0,52573,15.58,,279.4,15.0122,33.445,analytic,2147483648,4194304,True,tb_logs/prefill_gqa0_B4_Hq1_Hkv1_S1024_D128,
prefill,0,4,1,1,2048,128,0,166145,19.72,,176.8,47.4428,61.187,analytic,8589934592,8388608,True,tb_logs/prefill_gqa0_B4_Hq1_Hkv1_S2048_D128,
prefill,0,4,4,4,128,128,0,32560,1.57,,225.6,9.2977,33.751,analytic,134217728,2097152,True,tb_logs/prefill_gqa0_B4_Hq4_Hkv4_S128_D128,
prefill,0,4,4,4,256,128,0,39203,5.22,,374.7,11.1944,33.72,analytic,536870912,4194304,True,tb_logs/prefill_gqa0_B4_Hq4_Hkv4_S256_D128,
prefill,0,4,4,4,512,128,0,54243,15.1,,541.6,15.4893,33.784,analytic,2147483648,8388608,True,tb_logs/prefill_gqa0_B4_Hq4_Hkv4_S512_D128,
prefill,0,4,4,4,1024,128,0,180063,18.2,,326.3,51.4171,65.616,analytic,8589934592,16777216,True,tb_logs/prefill_gqa0_B4_Hq4_Hkv4_S1024_D128,
prefill,0,4,4,4,2048,128,0,637850,20.55,,184.2,182.1388,225.522,analytic,34359738368,33554432,True,tb_logs/prefill_gqa0_B4_Hq4_Hkv4_S2048_D128,
prefill,0,4,8,8,128,128,0,59423,1.72,,247.2,16.9682,41.658,analytic,268435456,4194304,True,tb_logs/prefill_gqa0_B4_Hq8_Hkv8_S128_D128,
prefill,0,4,8,8,256,128,0,71702,5.71,,409.7,20.4747,48.327,analytic,1073741824,8388608,True,tb_logs/prefill_gqa0_B4_Hq8_Hkv8_S256_D128,
prefill,0,4,8,8,512,128,0,100330,16.33,,585.6,28.6494,48.73,analytic,4294967296,16777216,True,tb_logs/prefill_gqa0_B4_Hq8_Hkv8_S512_D128,
prefill,0,4,8,8,1024,128,0,350134,18.72,,335.6,99.981,125.113,analytic,17179869184,33554432,True,tb_logs/prefill_gqa0_B4_Hq8_Hkv8_S1024_D128,
prefill,0,4,8,8,2048,128,0,1265220,20.72,,185.8,361.2849,437.637,analytic,68719476736,67108864,True,tb_logs/prefill_gqa0_B4_Hq8_Hkv8_S2048_D128,
prefill,0,8,1,1,128,128,0,18915,1.35,,194.1,5.4013,47.719,analytic,67108864,1048576,True,tb_logs/prefill_gqa0_B8_Hq1_Hkv1_S128_D128,
prefill,0,8,1,1,256,128,0,22832,4.49,,321.7,6.5198,47.828,analytic,268435456,2097152,True,tb_logs/prefill_gqa0_B8_Hq1_Hkv1_S256_D128,
prefill,0,8,1,1,512,128,0,30937,13.24,,474.8,8.8341,47.634,analytic,1073741824,4194304,True,tb_logs/prefill_gqa0_B8_Hq1_Hkv1_S512_D128,
prefill,0,8,1,1,1024,128,0,97871,16.74,,300.2,27.9473,42.743,analytic,4294967296,8388608,True,tb_logs/prefill_gqa0_B8_Hq1_Hkv1_S1024_D128,
prefill,0,8,1,1,2048,128,0,325336,20.14,,180.6,92.9,117.256,analytic,17179869184,16777216,True,tb_logs/prefill_gqa0_B8_Hq1_Hkv1_S2048_D128,
prefill,0,8,4,4,128,128,0,60340,1.7,,243.4,17.2303,47.744,analytic,268435456,4194304,True,tb_logs/prefill_gqa0_B8_Hq4_Hkv4_S128_D128,
prefill,0,8,4,4,256,128,0,73318,5.59,,400.7,20.9361,47.608,analytic,1073741824,8388608,True,tb_logs/prefill_gqa0_B8_Hq4_Hkv4_S256_D128,
prefill,0,8,4,4,512,128,0,102794,15.94,,571.6,29.3529,48.351,analytic,4294967296,16777216,True,tb_logs/prefill_gqa0_B8_Hq4_Hkv4_S512_D128,
prefill,0,8,4,4,1024,128,0,353357,18.55,,332.5,100.9015,126.363,analytic,17179869184,33554432,True,tb_logs/prefill_gqa0_B8_Hq4_Hkv4_S1024_D128,
prefill,0,8,4,4,2048,128,0,1268284,20.67,,185.3,362.1599,439.851,analytic,68719476736,67108864,True,tb_logs/prefill_gqa0_B8_Hq4_Hkv4_S2048_D128,
prefill,0,8,8,8,128,128,0,113853,1.8,,258.0,32.5108,48.629,analytic,536870912,8388608,True,tb_logs/prefill_gqa0_B8_Hq8_Hkv8_S128_D128,
prefill,0,8,8,8,256,128,0,138525,5.91,,424.1,39.556,56.689,analytic,2147483648,16777216,True,tb_logs/prefill_gqa0_B8_Hq8_Hkv8_S256_D128,
prefill,0,8,8,8,512,128,0,195310,16.78,,601.6,55.771,73.54,analytic,8589934592,33554432,True,tb_logs/prefill_gqa0_B8_Hq8_Hkv8_S512_D128,
prefill,0,8,8,8,1024,128,0,692930,18.92,,339.2,197.8669,254.849,analytic,34359738368,67108864,True,tb_logs/prefill_gqa0_B8_Hq8_Hkv8_S1024_D128,
prefill,0,8,8,8,2048,128,0,2709045,19.35,,173.5,773.5707,874.039,analytic,137438953472,134217728,True,tb_logs/prefill_gqa0_B8_Hq8_Hkv8_S2048_D128,
prefill,0,16,1,1,128,128,0,33307,1.54,,220.5,9.5107,47.92,analytic,134217728,2097152,True,tb_logs/prefill_gqa0_B16_Hq1_Hkv1_S128_D128,
prefill,0,16,1,1,256,128,0,40615,5.04,,361.6,11.5977,47.92,analytic,536870912,4194304,True,tb_logs/prefill_gqa0_B16_Hq1_Hkv1_S256_D128,
prefill,0,16,1,1,512,128,0,56087,14.61,,523.8,16.0156,36.344,analytic,2147483648,8388608,True,tb_logs/prefill_gqa0_B16_Hq1_Hkv1_S512_D128,
prefill,0,16,1,1,1024,128,0,189318,17.31,,310.3,54.06,72.792,analytic,8589934592,16777216,True,tb_logs/prefill_gqa0_B16_Hq1_Hkv1_S1024_D128,
prefill,0,16,1,1,2048,128,0,644070,20.35,,182.4,183.9149,230.826,analytic,34359738368,33554432,True,tb_logs/prefill_gqa0_B16_Hq1_Hkv1_S2048_D128,
prefill,0,16,4,4,128,128,0,115970,1.77,,253.3,33.1154,49.654,analytic,536870912,8388608,True,tb_logs/prefill_gqa0_B16_Hq4_Hkv4_S128_D128,
prefill,0,16,4,4,256,128,0,141959,5.77,,413.9,40.5365,59.075,analytic,2147483648,16777216,True,tb_logs/prefill_gqa0_B16_Hq4_Hkv4_S256_D128,
prefill,0,16,4,4,512,128,0,200195,16.37,,587.0,57.1659,77.631,analytic,8589934592,33554432,True,tb_logs/prefill_gqa0_B16_Hq4_Hkv4_S512_D128,
prefill,0,16,4,4,1024,128,0,699288,18.74,,336.1,199.6826,243.816,analytic,34359738368,67108864,True,tb_logs/prefill_gqa0_B16_Hq4_Hkv4_S1024_D128,
prefill,0,16,4,4,2048,128,0,2719629,19.28,,172.8,776.5931,877.558,analytic,137438953472,134217728,True,tb_logs/prefill_gqa0_B16_Hq4_Hkv4_S2048_D128,
prefill,0,16,8,8,128,128,0,223220,1.84,,263.2,63.7406,87.841,analytic,1073741824,16777216,True,tb_logs/prefill_gqa0_B16_Hq8_Hkv8_S128_D128,
prefill,0,16,8,8,256,128,0,272275,6.02,,431.6,77.7486,106.053,analytic,4294967296,33554432,True,tb_logs/prefill_gqa0_B16_Hq8_Hkv8_S256_D128,
prefill,0,16,8,8,512,128,0,384580,17.04,,611.1,109.8173,141.08,analytic,17179869184,67108864,True,tb_logs/prefill_gqa0_B16_Hq8_Hkv8_S512_D128,
prefill,0,16,8,8,1024,128,0,1441140,18.19,,326.2,411.519,477.919,analytic,68719476736,134217728,True,tb_logs/prefill_gqa0_B16_Hq8_Hkv8_S1024_D128,
prefill,0,16,8,8,2048,128,0,6232817,16.82,,150.8,1779.7879,1729.826,analytic,274877906944,268435456,True,tb_logs/prefill_gqa0_B16_Hq8_Hkv8_S2048_D128,
prefill,0,32,1,1,128,128,0,61831,1.66,,237.6,17.656,48.401,analytic,268435456,4194304,True,tb_logs/prefill_gqa0_B32_Hq1_Hkv1_S128_D128,
prefill,0,32,1,1,256,128,0,75984,5.39,,386.6,21.6974,48.621,analytic,1073741824,8388608,True,tb_logs/prefill_gqa0_B32_Hq1_Hkv1_S256_D128,
prefill,0,32,1,1,512,128,0,106959,15.32,,549.3,30.5421,49.849,analytic,4294967296,16777216,True,tb_logs/prefill_gqa0_B32_Hq1_Hkv1_S512_D128,
prefill,0,32,1,1,1024,128,0,371298,17.65,,316.5,106.0246,138.108,analytic,17179869184,33554432,True,tb_logs/prefill_gqa0_B32_Hq1_Hkv1_S1024_D128,
prefill,0,32,1,1,2048,128,0,1280357,20.47,,183.6,365.6073,449.575,analytic,68719476736,67108864,True,tb_logs/prefill_gqa0_B32_Hq1_Hkv1_S2048_D128,
prefill,0,32,4,4,128,128,0,227254,1.8,,258.5,64.8927,90.545,analytic,1073741824,16777216,True,tb_logs/prefill_gqa0_B32_Hq4_Hkv4_S128_D128,
prefill,0,32,4,4,256,128,0,279077,5.87,,421.1,79.6907,111.191,analytic,4294967296,33554432,True,tb_logs/prefill_gqa0_B32_Hq4_Hkv4_S256_D128,
prefill,0,32,4,4,512,128,0,394507,16.61,,595.7,112.652,148.947,analytic,17179869184,67108864,True,tb_logs/prefill_gqa0_B32_Hq4_Hkv4_S512_D128,
prefill,0,32,4,4,1024,128,0,1465315,17.89,,320.8,418.4222,488.842,analytic,68719476736,134217728,True,tb_logs/prefill_gqa0_B32_Hq4_Hkv4_S1024_D128,
prefill,0,32,4,4,2048,128,0,6290788,16.67,,149.4,1796.3416,1745.103,analytic,274877906944,268435456,True,tb_logs/prefill_gqa0_B32_Hq4_Hkv4_S2048_D128,
prefill,0,32,8,8,128,128,0,441683,1.85,,266.0,126.1232,171.84,analytic,2147483648,33554432,True,tb_logs/prefill_gqa0_B32_Hq8_Hkv8_S128_D128,
prefill,0,32,8,8,256,128,0,539620,6.07,,435.5,154.0891,208.182,analytic,8589934592,67108864,True,tb_logs/prefill_gqa0_B32_Hq8_Hkv8_S256_D128,
prefill,0,32,8,8,512,128,0,792094,16.55,,593.4,226.1834,272.298,analytic,34359738368,134217728,True,tb_logs/prefill_gqa0_B32_Hq8_Hkv8_S512_D128,
prefill,0,32,8,8,1024,128,0,3501788,14.97,,268.5,999.9396,948.505,analytic,137438953472,268435456,True,tb_logs/prefill_gqa0_B32_Hq8_Hkv8_S1024_D128,
prefill,0,32,8,8,2048,128,0,12766610,16.43,,147.3,3645.5196,3463.732,analytic,549755813888,536870912,True,tb_logs/prefill_gqa0_B32_Hq8_Hkv8_S2048_D128,
decode,0,1,1,1,128,128,0,5690,0.0,,40.6,1.6249,32.32,analytic,65536,66048,True,tb_logs/decode_gqa0_B1_Hq1_Hkv1_S128_D128,
decode,0,1,1,1,256,128,0,6039,0.01,,76.3,1.7244,31.578,analytic,131072,131584,True,tb_logs/decode_gqa0_B1_Hq1_Hkv1_S256_D128,
decode,0,1,1,1,512,128,0,6399,0.02,,143.7,1.8273,31.866,analytic,262144,262656,True,tb_logs/decode_gqa0_B1_Hq1_Hkv1_S512_D128,
decode,0,1,1,1,1024,128,0,9621,0.02,,191.0,2.7472,31.701,analytic,524288,524800,True,tb_logs/decode_gqa0_B1_Hq1_Hkv1_S1024_D128,
decode,0,1,1,1,2048,128,0,14130,0.03,,260.0,4.0349,47.766,analytic,1048576,1049088,True,tb_logs/decode_gqa0_B1_Hq1_Hkv1_S2048_D128,
decode,0,1,1,1,4096,128,0,22852,0.04,,321.5,6.5254,47.101,analytic,2097152,2097664,True,tb_logs/decode_gqa0_B1_Hq1_Hkv1_S4096_D128,
decode,0,1,1,1,8192,128,0,39991,0.04,,367.3,11.4194,47.305,analytic,4194304,4194816,True,tb_logs/decode_gqa0_B1_Hq1_Hkv1_S8192_D128,
decode,0,1,1,1,16384,128,0,74154,0.04,,396.2,21.1747,46.971,analytic,8388608,8389120,True,tb_logs/decode_gqa0_B1_Hq1_Hkv1_S16384_D128,
decode,0,1,4,4,128,128,0,10996,0.01,,84.1,3.1399,47.79,analytic,262144,264192,True,tb_logs/decode_gqa0_B1_Hq4_Hkv4_S128_D128,
decode,0,1,4,4,256,128,0,11724,0.02,,157.2,3.3477,47.903,analytic,524288,526336,True,tb_logs/decode_gqa0_B1_Hq4_Hkv4_S256_D128,
decode,0,1,4,4,512,128,0,12788,0.03,,287.7,3.6515,47.514,analytic,1048576,1050624,True,tb_logs/decode_gqa0_B1_Hq4_Hkv4_S512_D128,
decode,0,1,4,4,1024,128,0,22832,0.04,,322.0,6.5197,47.31,analytic,2097152,2099200,True,tb_logs/decode_gqa0_B1_Hq4_Hkv4_S1024_D128,
decode,0,1,4,4,2048,128,0,39950,0.04,,367.9,11.4076,47.515,analytic,4194304,4196352,True,tb_logs/decode_gqa0_B1_Hq4_Hkv4_S2048_D128,
decode,0,1,4,4,4096,128,0,74325,0.04,,395.3,21.2237,47.397,analytic,8388608,8390656,True,tb_logs/decode_gqa0_B1_Hq4_Hkv4_S4096_D128,
decode,0,1,4,4,8192,128,0,142748,0.04,,411.6,40.7617,48.176,analytic,16777216,16779264,True,tb_logs/decode_gqa0_B1_Hq4_Hkv4_S8192_D128,
decode,0,1,4,4,16384,128,0,277995,0.05,,422.7,79.3818,84.334,analytic,33554432,33556480,True,tb_logs/decode_gqa0_B1_Hq4_Hkv4_S16384_D128,
decode,0,1,8,8,128,128,0,18518,0.01,,99.9,5.2879,47.811,analytic,524288,528384,True,tb_logs/decode_gqa0_B1_Hq8_Hkv8_S128_D128,
decode,0,1,8,8,256,128,0,19776,0.02,,186.4,5.6472,47.636,analytic,1048576,1052672,True,tb_logs/decode_gqa0_B1_Hq8_Hkv8_S256_D128,
decode,0,1,8,8,512,128,0,21703,0.04,,339.1,6.1974,47.745,analytic,2097152,2101248,True,tb_logs/decode_gqa0_B1_Hq8_Hkv8_S512_D128,
decode,0,1,8,8,1024,128,0,40377,0.04,,364.1,11.5297,47.784,analytic,4194304,4198400,True,tb_logs/decode_gqa0_B1_Hq8_Hkv8_S1024_D128,
decode,0,1,8,8,2048,128,0,75011,0.04,,391.8,21.4195,47.471,analytic,8388608,8392704,True,tb_logs/decode_gqa0_B1_Hq8_Hkv8_S2048_D128,
decode,0,1,8,8,4096,128,0,143580,0.04,,409.3,40.9994,48.184,analytic,16777216,16781312,True,tb_logs/decode_gqa0_B1_Hq8_Hkv8_S4096_D128,
decode,0,1,8,8,8192,128,0,278135,0.05,,422.5,79.4219,84.414,analytic,33554432,33558528,True,tb_logs/decode_gqa0_B1_Hq8_Hkv8_S8192_D128,
decode,0,1,8,8,16384,128,0,555448,0.05,,423.1,158.6088,163.751,analytic,67108864,67112960,True,tb_logs/decode_gqa0_B1_Hq8_Hkv8_S16384_D128,
decode,0,2,1,1,128,128,0,7470,0.01,,61.9,2.133,47.137,analytic,131072,132096,True,tb_logs/decode_gqa0_B2_Hq1_Hkv1_S128_D128,
decode,0,2,1,1,256,128,0,7836,0.01,,117.6,2.2375,47.691,analytic,262144,263168,True,tb_logs/decode_gqa0_B2_Hq1_Hkv1_S256_D128,
decode,0,2,1,1,512,128,0,8420,0.02,,218.5,2.4043,47.172,analytic,524288,525312,True,tb_logs/decode_gqa0_B2_Hq1_Hkv1_S512_D128,
decode,0,2,1,1,1024,128,0,14278,0.03,,257.4,4.0772,47.348,analytic,1048576,1049600,True,tb_logs/decode_gqa0_B2_Hq1_Hkv1_S1024_D128,
decode,0,2,1,1,2048,128,0,22756,0.04,,322.9,6.4981,47.176,analytic,2097152,2098176,True,tb_logs/decode_gqa0_B2_Hq1_Hkv1_S2048_D128,
decode,0,2,1,1,4096,128,0,40061,0.04,,366.7,11.4394,47.463,analytic,4194304,4195328,True,tb_logs/decode_gqa0_B2_Hq1_Hkv1_S4096_D128,
decode,0,2,1,1,8192,128,0,73992,0.04,,397.1,21.1284,47.481,analytic,8388608,8389632,True,tb_logs/decode_gqa0_B2_Hq1_Hkv1_S8192_D128,
decode,0,2,1,1,16384,128,0,142969,0.04,,411.0,40.8251,47.222,analytic,16777216,16778240,True,tb_logs/decode_gqa0_B2_Hq1_Hkv1_S16384_D128,
decode,0,2,4,4,128,128,0,18515,0.01,,99.9,5.2869,46.601,analytic,524288,528384,True,tb_logs/decode_gqa0_B2_Hq4_Hkv4_S128_D128,
decode,0,2,4,4,256,128,0,19661,0.02,,187.5,5.6141,46.522,analytic,1048576,1052672,True,tb_logs/decode_gqa0_B2_Hq4_Hkv4_S256_D128,
decode,0,2,4,4,512,128,0,21877,0.04,,336.4,6.247,46.548,analytic,2097152,2101248,True,tb_logs/decode_gqa0_B2_Hq4_Hkv4_S512_D128,
decode,0,2,4,4,1024,128,0,41379,0.04,,355.3,11.8157,47.123,analytic,4194304,4198400,True,tb_logs/decode_gqa0_B2_Hq4_Hkv4_S1024_D128,
decode,0,2,4,4,2048,128,0,75545,0.04,,389.1,21.5721,47.009,analytic,8388608,8392704,True,tb_logs/decode_gqa0_B2_Hq4_Hkv4_S2048_D128,
decode,0,2,4,4,4096,128,0,144133,0.04,,407.7,41.1574,47.811,analytic,16777216,16781312,True,tb_logs/decode_gqa0_B2_Hq4_Hkv4_S4096_D128,
decode,0,2,4,4,8192,128,0,279352,0.05,,420.7,79.7693,84.9,analytic,33554432,33558528,True,tb_logs/decode_gqa0_B2_Hq4_Hkv4_S8192_D128,
decode,0,2,4,4,16384,128,0,557940,0.05,,421.2,159.3205,164.4,analytic,67108864,67112960,True,tb_logs/decode_gqa0_B2_Hq4_Hkv4_S16384_D128,
decode,0,2,8,8,128,128,0,33508,0.01,,110.4,9.5683,47.927,analytic,1048576,1056768,True,tb_logs/decode_gqa0_B2_Hq8_Hkv8_S128_D128,
decode,0,2,8,8,256,128,0,35519,0.02,,207.6,10.1424,47.83,analytic,2097152,2105344,True,tb_logs/decode_gqa0_B2_Hq8_Hkv8_S256_D128,
decode,0,2,8,8,512,128,0,39642,0.04,,371.2,11.3199,47.819,analytic,4194304,4202496,True,tb_logs/decode_gqa0_B2_Hq8_Hkv8_S512_D128,
decode,0,2,8,8,1024,128,0,77705,0.04,,378.4,22.1889,48.26,analytic,8388608,8396800,True,tb_logs/decode_gqa0_B2_Hq8_Hkv8_S1024_D128,
decode,0,2,8,8,2048,128,0,145457,0.04,,404.1,41.5354,47.496,analytic,16777216,16785408,True,tb_logs/decode_gqa0_B2_Hq8_Hkv8_S2048_D128,
decode,0,2,8,8,4096,128,0,280775,0.05,,418.6,80.1757,85.21,analytic,33554432,33562624,True,tb_logs/decode_gqa0_B2_Hq8_Hkv8_S4096_D128,
decode,0,2,8,8,8192,128,0,559021,0.05,,420.5,159.629,164.867,analytic,67108864,67117056,True,tb_logs/decode_gqa0_B2_Hq8_Hkv8_S8192_D128,
decode,0,2,8,8,16384,128,0,1104024,0.05,,425.8,315.2553,320.676,analytic,134217728,134225920,True,tb_logs/decode_gqa0_B2_Hq8_Hkv8_S16384_D128,
decode,0,4,1,1,128,128,0,11264,0.01,,82.1,3.2164,46.531,analytic,262144,264192,True,tb_logs/decode_gqa0_B4_Hq1_Hkv1_S128_D128,
decode,0,4,1,1,256,128,0,12259,0.02,,150.4,3.5005,47.102,analytic,524288,526336,True,tb_logs/decode_gqa0_B4_Hq1_Hkv1_S256_D128,
decode,0,4,1,1,512,128,0,13120,0.03,,280.4,3.7465,46.648,analytic,1048576,1050624,True,tb_logs/decode_gqa0_B4_Hq1_Hkv1_S512_D128,
decode,0,4,1,1,1024,128,0,23365,0.03,,314.6,6.6719,46.638,analytic,2097152,2099200,True,tb_logs/decode_gqa0_B4_Hq1_Hkv1_S1024_D128,
decode,0,4,1,1,2048,128,0,40362,0.04,,364.1,11.5254,47.149,analytic,4194304,4196352,True,tb_logs/decode_gqa0_B4_Hq1_Hkv1_S2048_D128,
decode,0,4,1,1,4096,128,0,74977,0.04,,391.9,21.4098,47.523,analytic,8388608,8390656,True,tb_logs/decode_gqa0_B4_Hq1_Hkv1_S4096_D128,
decode,0,4,1,1,8192,128,0,143789,0.04,,408.7,41.0592,46.93,analytic,16777216,16779264,True,tb_logs/decode_gqa0_B4_Hq1_Hkv1_S8192_D128,
decode,0,4,1,1,16384,128,0,280725,0.05,,418.6,80.1614,84.676,analytic,33554432,33556480,True,tb_logs/decode_gqa0_B4_Hq1_Hkv1_S16384_D128,
decode,0,4,4,4,128,128,0,33567,0.01,,110.3,9.585,47.947,analytic,1048576,1056768,True,tb_logs/decode_gqa0_B4_Hq4_Hkv4_S128_D128,
decode,0,4,4,4,256,128,0,35655,0.02,,206.8,10.1813,47.921,analytic,2097152,2105344,True,tb_logs/decode_gqa0_B4_Hq4_Hkv4_S256_D128,
decode,0,4,4,4,512,128,0,39858,0.04,,369.2,11.3814,47.235,analytic,4194304,4202496,True,tb_logs/decode_gqa0_B4_Hq4_Hkv4_S512_D128,
decode,0,4,4,4,1024,128,0,77202,0.04,,380.9,22.0451,47.798,analytic,8388608,8396800,True,tb_logs/decode_gqa0_B4_Hq4_Hkv4_S1024_D128,
decode,0,4,4,4,2048,128,0,146224,0.04,,402.0,41.7545,48.315,analytic,16777216,16785408,True,tb_logs/decode_gqa0_B4_Hq4_Hkv4_S2048_D128,
decode,0,4,4,4,4096,128,0,282354,0.05,,416.3,80.6266,85.7,analytic,33554432,33562624,True,tb_logs/decode_gqa0_B4_Hq4_Hkv4_S4096_D128,
decode,0,4,4,4,8192,128,0,557007,0.05,,422.0,159.0539,164.229,analytic,67108864,67117056,True,tb_logs/decode_gqa0_B4_Hq4_Hkv4_S8192_D128,
decode,0,4,4,4,16384,128,0,1104061,0.05,,425.8,315.2658,320.678,analytic,134217728,134225920,True,tb_logs/decode_gqa0_B4_Hq4_Hkv4_S16384_D128,
decode,0,4,8,8,128,128,0,63412,0.01,,116.7,18.1075,47.402,analytic,2097152,2113536,True,tb_logs/decode_gqa0_B4_Hq8_Hkv8_S128_D128,
decode,0,4,8,8,256,128,0,66954,0.02,,220.2,19.1188,47.689,analytic,4194304,4210688,True,tb_logs/decode_gqa0_B4_Hq8_Hkv8_S256_D128,
decode,0,4,8,8,512,128,0,75380,0.04,,390.5,21.525,47.729,analytic,8388608,8404992,True,tb_logs/decode_gqa0_B4_Hq8_Hkv8_S512_D128,
decode,0,4,8,8,1024,128,0,150274,0.04,,391.4,42.911,48.232,analytic,16777216,16793600,True,tb_logs/decode_gqa0_B4_Hq8_Hkv8_S1024_D128,
decode,0,4,8,8,2048,128,0,284975,0.04,,412.5,81.3749,86.516,analytic,33554432,33570816,True,tb_logs/decode_gqa0_B4_Hq8_Hkv8_S2048_D128,
decode,0,4,8,8,4096,128,0,559678,0.05,,420.0,159.8166,164.439,analytic,67108864,67125248,True,tb_logs/decode_gqa0_B4_Hq8_Hkv8_S4096_D128,
decode,0,4,8,8,8192,128,0,1106160,0.05,,425.0,315.8651,320.704,analytic,134217728,134234112,True,tb_logs/decode_gqa0_B4_Hq8_Hkv8_S8192_D128,
decode,0,4,8,8,16384,128,0,2205273,0.05,,426.3,629.7181,635.114,analytic,268435456,268451840,True,tb_logs/decode_gqa0_B4_Hq8_Hkv8_S16384_D128,
decode,0,8,1,1,128,128,0,18856,0.01,,98.1,5.3843,31.965,analytic,524288,528384,True,tb_logs/decode_gqa0_B8_Hq1_Hkv1_S128_D128,
decode,0,8,1,1,256,128,0,20083,0.02,,183.6,5.7348,32.141,analytic,1048576,1052672,True,tb_logs/decode_gqa0_B8_Hq1_Hkv1_S256_D128,
decode,0,8,1,1,512,128,0,22107,0.04,,332.9,6.3127,32.065,analytic,2097152,2101248,True,tb_logs/decode_gqa0_B8_Hq1_Hkv1_S512_D128,
decode,0,8,1,1,1024,128,0,41691,0.04,,352.7,11.905,41.544,analytic,4194304,4198400,True,tb_logs/decode_gqa0_B8_Hq1_Hkv1_S1024_D128,
decode,0,8,1,1,2048,128,0,76041,0.04,,386.5,21.7135,47.105,analytic,8388608,8392704,True,tb_logs/decode_gqa0_B8_Hq1_Hkv1_S2048_D128,
decode,0,8,1,1,4096,128,0,144732,0.04,,406.0,41.3283,47.839,analytic,16777216,16781312,True,tb_logs/decode_gqa0_B8_Hq1_Hkv1_S4096_D128,
decode,0,8,1,1,8192,128,0,281476,0.05,,417.5,80.3757,85.371,analytic,33554432,33558528,True,tb_logs/decode_gqa0_B8_Hq1_Hkv1_S8192_D128,
decode,0,8,1,1,16384,128,0,556188,0.05,,422.6,158.8201,164.057,analytic,67108864,67112960,True,tb_logs/decode_gqa0_B8_Hq1_Hkv1_S16384_D128,
decode,0,8,4,4,128,128,0,63207,0.01,,117.1,18.0488,47.83,analytic,2097152,2113536,True,tb_logs/decode_gqa0_B8_Hq4_Hkv4_S128_D128,
decode,0,8,4,4,256,128,0,67065,0.02,,219.9,19.1506,47.786,analytic,4194304,4210688,True,tb_logs/decode_gqa0_B8_Hq4_Hkv4_S256_D128,
decode,0,8,4,4,512,128,0,75468,0.04,,390.0,21.5501,34.907,analytic,8388608,8404992,True,tb_logs/decode_gqa0_B8_Hq4_Hkv4_S512_D128,
decode,0,8,4,4,1024,128,0,149990,0.04,,392.1,42.8298,47.007,analytic,16777216,16793600,True,tb_logs/decode_gqa0_B8_Hq4_Hkv4_S1024_D128,
decode,0,8,4,4,2048,128,0,287201,0.04,,409.3,82.0106,86.606,analytic,33554432,33570816,True,tb_logs/decode_gqa0_B8_Hq4_Hkv4_S2048_D128,
decode,0,8,4,4,4096,128,0,560636,0.05,,419.3,160.0903,165.27,analytic,67108864,67125248,True,tb_logs/decode_gqa0_B8_Hq4_Hkv4_S4096_D128,
decode,0,8,4,4,8192,128,0,1106629,0.05,,424.8,315.9992,321.65,analytic,134217728,134234112,True,tb_logs/decode_gqa0_B8_Hq4_Hkv4_S8192_D128,
decode,0,8,4,4,16384,128,0,2205764,0.05,,426.2,629.8584,636.061,analytic,268435456,268451840,True,tb_logs/decode_gqa0_B8_Hq4_Hkv4_S16384_D128,
decode,0,8,8,8,128,128,0,120680,0.01,,122.7,34.4603,39.095,analytic,4194304,4227072,True,tb_logs/decode_gqa0_B8_Hq8_Hkv8_S128_D128,
decode,0,8,8,8,256,128,0,129228,0.02,,228.2,36.9012,44.057,analytic,8388608,8421376,True,tb_logs/decode_gqa0_B8_Hq8_Hkv8_S256_D128,
decode,0,8,8,8,512,128,0,146966,0.04,,400.6,41.9662,49.384,analytic,16777216,16809984,True,tb_logs/decode_gqa0_B8_Hq8_Hkv8_S512_D128,
decode,0,8,8,8,1024,128,0,295192,0.04,,398.5,84.2923,89.002,analytic,33554432,33587200,True,tb_logs/decode_gqa0_B8_Hq8_Hkv8_S1024_D128,
decode,0,8,8,8,2048,128,0,566428,0.05,,415.1,161.744,167.44,analytic,67108864,67141632,True,tb_logs/decode_gqa0_B8_Hq8_Hkv8_S2048_D128,
decode,0,8,8,8,4096,128,0,1111826,0.05,,422.9,317.4831,323.084,analytic,134217728,134250496,True,tb_logs/decode_gqa0_B8_Hq8_Hkv8_S4096_D128,
decode,0,8,8,8,8192,128,0,2210862,0.05,,425.3,631.314,637.168,analytic,268435456,268468224,True,tb_logs/decode_gqa0_B8_Hq8_Hkv8_S8192_D128,
decode,0,8,8,8,16384,128,0,4384795,0.05,,428.8,1252.083,1258.67,analytic,536870912,536903680,True,tb_logs/decode_gqa0_B8_Hq8_Hkv8_S16384_D128,
decode,0,16,1,1,128,128,0,33920,0.01,,109.1,9.6858,47.501,analytic,1048576,1056768,True,tb_logs/decode_gqa0_B16_Hq1_Hkv1_S128_D128,
decode,0,16,1,1,256,128,0,35858,0.02,,205.6,10.2394,47.702,analytic,2097152,2105344,True,tb_logs/decode_gqa0_B16_Hq1_Hkv1_S256_D128,
decode,0,16,1,1,512,128,0,40006,0.04,,367.9,11.4238,47.543,analytic,4194304,4202496,True,tb_logs/decode_gqa0_B16_Hq1_Hkv1_S512_D128,
decode,0,16,1,1,1024,128,0,78025,0.04,,376.9,22.2801,47.674,analytic,8388608,8396800,True,tb_logs/decode_gqa0_B16_Hq1_Hkv1_S1024_D128,
decode,0,16,1,1,2048,128,0,146883,0.04,,400.2,41.9427,48.176,analytic,16777216,16785408,True,tb_logs/decode_gqa0_B16_Hq1_Hkv1_S2048_D128,
decode,0,16,1,1,4096,128,0,283008,0.05,,415.3,80.8134,85.944,analytic,33554432,33562624,True,tb_logs/decode_gqa0_B16_Hq1_Hkv1_S4096_D128,
decode,0,16,1,1,8192,128,0,557677,0.05,,421.5,159.2452,164.476,analytic,67108864,67117056,True,tb_logs/decode_gqa0_B16_Hq1_Hkv1_S8192_D128,
decode,0,16,1,1,16384,128,0,1104918,0.05,,425.4,315.5106,320.87,analytic,134217728,134225920,True,tb_logs/decode_gqa0_B16_Hq1_Hkv1_S16384_D128,
decode,0,16,4,4,128,128,0,120754,0.01,,122.6,34.4814,48.926,analytic,4194304,4227072,True,tb_logs/decode_gqa0_B16_Hq4_Hkv4_S128_D128,
decode,0,16,4,4,256,128,0,129673,0.02,,227.4,37.0283,48.75,analytic,8388608,8421376,True,tb_logs/decode_gqa0_B16_Hq4_Hkv4_S256_D128,
decode,0,16,4,4,512,128,0,147545,0.04,,399.0,42.1316,48.991,analytic,16777216,16809984,True,tb_logs/decode_gqa0_B16_Hq4_Hkv4_S512_D128,
decode,0,16,4,4,1024,128,0,295824,0.04,,397.6,84.4728,89.19,analytic,33554432,33587200,True,tb_logs/decode_gqa0_B16_Hq4_Hkv4_S1024_D128,
decode,0,16,4,4,2048,128,0,567046,0.05,,414.7,161.9205,167.369,analytic,67108864,67141632,True,tb_logs/decode_gqa0_B16_Hq4_Hkv4_S2048_D128,
decode,0,16,4,4,4096,128,0,1112728,0.05,,422.5,317.7406,322.826,analytic,134217728,134250496,True,tb_logs/decode_gqa0_B16_Hq4_Hkv4_S4096_D128,
decode,0,16,4,4,8192,128,0,2211617,0.05,,425.1,631.5297,637.471,analytic,268435456,268468224,True,tb_logs/decode_gqa0_B16_Hq4_Hkv4_S8192_D128,
decode,0,16,4,4,16384,128,0,4385243,0.05,,428.8,1252.2111,1258.616,analytic,536870912,536903680,True,tb_logs/decode_gqa0_B16_Hq4_Hkv4_S16384_D128,
decode,0,16,8,8,128,128,0,237007,0.01,,124.9,67.6777,73.068,analytic,8388608,8454144,True,tb_logs/decode_gqa0_B16_Hq8_Hkv8_S128_D128,
decode,0,16,8,8,256,128,0,255128,0.03,,231.2,72.852,78.204,analytic,16777216,16842752,True,tb_logs/decode_gqa0_B16_Hq8_Hkv8_S256_D128,
decode,0,16,8,8,512,128,0,290388,0.04,,405.4,82.9206,88.499,analytic,33554432,33619968,True,tb_logs/decode_gqa0_B16_Hq8_Hkv8_S512_D128,
decode,0,16,8,8,1024,128,0,583151,0.04,,403.4,166.5194,171.606,analytic,67108864,67174400,True,tb_logs/decode_gqa0_B16_Hq8_Hkv8_S1024_D128,
decode,0,16,8,8,2048,128,0,1129463,0.05,,416.4,322.5193,327.526,analytic,134217728,134283264,True,tb_logs/decode_gqa0_B16_Hq8_Hkv8_S2048_D128,
decode,0,16,8,8,4096,128,0,2223530,0.05,,422.9,634.9315,640.43,analytic,268435456,268500992,True,tb_logs/decode_gqa0_B16_Hq8_Hkv8_S4096_D128,
decode,0,16,8,8,8192,128,0,4394058,0.05,,427.9,1254.7282,1260.803,analytic,536870912,536936448,True,tb_logs/decode_gqa0_B16_Hq8_Hkv8_S8192_D128,
decode,0,16,8,8,16384,128,0,8774771,0.05,,428.6,2505.6455,2512.564,analytic,1073741824,1073807360,True,tb_logs/decode_gqa0_B16_Hq8_Hkv8_S16384_D128,
decode,0,32,1,1,128,128,0,63852,0.01,,115.9,18.233,35.164,analytic,2097152,2113536,True,tb_logs/decode_gqa0_B32_Hq1_Hkv1_S128_D128,
decode,0,32,1,1,256,128,0,68782,0.02,,214.4,19.6408,41.869,analytic,4194304,4210688,True,tb_logs/decode_gqa0_B32_Hq1_Hkv1_S256_D128,
decode,0,32,1,1,512,128,0,75992,0.04,,387.3,21.6996,48.012,analytic,8388608,8404992,True,tb_logs/decode_gqa0_B32_Hq1_Hkv1_S512_D128,
decode,0,32,1,1,1024,128,0,151106,0.04,,389.2,43.1485,49.0,analytic,16777216,16793600,True,tb_logs/decode_gqa0_B32_Hq1_Hkv1_S1024_D128,
decode,0,32,1,1,2048,128,0,289812,0.04,,405.7,82.7561,87.96,analytic,33554432,33570816,True,tb_logs/decode_gqa0_B32_Hq1_Hkv1_S2048_D128,
decode,0,32,1,1,4096,128,0,562531,0.05,,417.9,160.6314,165.915,analytic,67108864,67125248,True,tb_logs/decode_gqa0_B32_Hq1_Hkv1_S4096_D128,
decode,0,32,1,1,8192,128,0,1108601,0.05,,424.0,316.5623,322.12,analytic,134217728,134234112,True,tb_logs/decode_gqa0_B32_Hq1_Hkv1_S8192_D128,
decode,0,32,1,1,16384,128,0,2207414,0.05,,425.9,630.3295,636.392,analytic,268435456,268451840,True,tb_logs/decode_gqa0_B32_Hq1_Hkv1_S16384_D128,
decode,0,32,4,4,128,128,0,237431,0.01,,124.7,67.7986,73.225,analytic,8388608,8454144,True,tb_logs/decode_gqa0_B32_Hq4_Hkv4_S128_D128,
decode,0,32,4,4,256,128,0,263354,0.02,,224.0,75.2011,80.572,analytic,16777216,16842752,True,tb_logs/decode_gqa0_B32_Hq4_Hkv4_S256_D128,
decode,0,32,4,4,512,128,0,291024,0.04,,404.6,83.1023,88.449,analytic,33554432,33619968,True,tb_logs/decode_gqa0_B32_Hq4_Hkv4_S512_D128,
decode,0,32,4,4,1024,128,0,585472,0.04,,401.8,167.1821,172.205,analytic,67108864,67174400,True,tb_logs/decode_gqa0_B32_Hq4_Hkv4_S1024_D128,
decode,0,32,4,4,2048,128,0,1131761,0.05,,415.5,323.1755,328.84,analytic,134217728,134283264,True,tb_logs/decode_gqa0_B32_Hq4_Hkv4_S2048_D128,
decode,0,32,4,4,4096,128,0,2225601,0.05,,422.5,635.5227,641.446,analytic,268435456,268500992,True,tb_logs/decode_gqa0_B32_Hq4_Hkv4_S4096_D128,
decode,0,32,4,4,8192,128,0,4395453,0.05,,427.8,1255.1266,1261.675,analytic,536870912,536936448,True,tb_logs/decode_gqa0_B32_Hq4_Hkv4_S8192_D128,
decode,0,32,4,4,16384,128,0,8776275,0.05,,428.5,2506.075,2513.214,analytic,1073741824,1073807360,True,tb_logs/decode_gqa0_B32_Hq4_Hkv4_S16384_D128,
decode,0,32,8,8,128,128,0,479169,0.01,,123.6,136.8272,142.072,analytic,16777216,16908288,True,tb_logs/decode_gqa0_B32_Hq8_Hkv8_S128_D128,
decode,0,32,8,8,256,128,0,507417,0.03,,232.5,144.8936,150.17,analytic,33554432,33685504,True,tb_logs/decode_gqa0_B32_Hq8_Hkv8_S256_D128,
decode,0,32,8,8,512,128,0,576061,0.04,,408.8,164.4947,169.945,analytic,67108864,67239936,True,tb_logs/decode_gqa0_B32_Hq8_Hkv8_S512_D128,
decode,0,32,8,8,1024,128,0,1162582,0.04,,404.7,331.9767,337.533,analytic,134217728,134348800,True,tb_logs/decode_gqa0_B32_Hq8_Hkv8_S1024_D128,
decode,0,32,8,8,2048,128,0,2251540,0.05,,417.7,642.9299,649.057,analytic,268435456,268566528,True,tb_logs/decode_gqa0_B32_Hq8_Hkv8_S2048_D128,
decode,0,32,8,8,4096,128,0,4417560,0.05,,425.7,1261.4392,1267.945,analytic,536870912,537001984,True,tb_logs/decode_gqa0_B32_Hq8_Hkv8_S4096_D128,
decode,0,32,8,8,8192,128,0,8796274,0.05,,427.5,2511.7859,2519.538,analytic,1073741824,1073872896,True,tb_logs/decode_gqa0_B32_Hq8_Hkv8_S8192_D128,
decode,0,32,8,8,16384,128,0,17603166,0.05,,427.2,5026.6037,5034.081,analytic,2147483648,2147614720,True,tb_logs/decode_gqa0_B32_Hq8_Hkv8_S16384_D128,
prefill,1,1,2,1,128,128,0,5764,1.11,,119.5,1.6459,48.825,analytic,16777216,196608,True,tb_logs/prefill_gqa1_B1_Hq2_Hkv1_S128_D128,
prefill,1,1,2,1,256,128,0,6816,3.76,,202.0,1.9463,47.355,analytic,67108864,393216,True,tb_logs/prefill_gqa1_B1_Hq2_Hkv1_S256_D128,
prefill,1,1,2,1,512,128,0,9053,11.31,,304.2,2.5851,47.412,analytic,268435456,786432,True,tb_logs/prefill_gqa1_B1_Hq2_Hkv1_S512_D128,
prefill,1,1,4,1,128,128,0,8816,1.45,,130.2,2.5173,47.204,analytic,33554432,327680,True,tb_logs/prefill_gqa1_B1_Hq4_Hkv1_S128_D128,
prefill,1,1,4,1,256,128,0,10466,4.89,,219.3,2.9885,47.58,analytic,134217728,655360,True,tb_logs/prefill_gqa1_B1_Hq4_Hkv1_S256_D128,
prefill,1,1,4,1,512,128,0,14145,14.48,,324.5,4.039,47.274,analytic,536870912,1310720,True,tb_logs/prefill_gqa1_B1_Hq4_Hkv1_S512_D128,
prefill,1,1,5,1,128,128,0,10339,1.55,,133.2,2.9523,47.634,analytic,41943040,393216,True,tb_logs/prefill_gqa1_B1_Hq5_Hkv1_S128_D128,
prefill,1,1,5,1,256,128,0,12308,5.2,,223.8,3.5145,47.64,analytic,167772160,786432,True,tb_logs/prefill_gqa1_B1_Hq5_Hkv1_S256_D128,
prefill,1,1,5,1,512,128,0,16713,15.32,,329.6,4.7723,48.925,analytic,671088640,1572864,True,tb_logs/prefill_gqa1_B1_Hq5_Hkv1_S512_D128,
prefill,1,1,8,1,128,128,0,14917,1.72,,138.5,4.2596,47.528,analytic,67108864,589824,True,tb_logs/prefill_gqa1_B1_Hq8_Hkv1_S128_D128,
prefill,1,1,8,1,256,128,0,17887,5.72,,231.0,5.1077,47.182,analytic,268435456,1179648,True,tb_logs/prefill_gqa1_B1_Hq8_Hkv1_S256_D128,
prefill,1,1,8,1,512,128,0,24322,16.84,,339.7,6.9453,47.811,analytic,1073741824,2359296,True,tb_logs/prefill_gqa1_B1_Hq8_Hkv1_S512_D128,
prefill,1,1,16,1,128,128,0,27222,1.88,,143.3,7.7732,32.212,analytic,134217728,1114112,True,tb_logs/prefill_gqa1_B1_Hq16_Hkv1_S128_D128,
prefill,1,1,16,1,256,128,0,32725,6.26,,238.5,9.3445,32.161,analytic,536870912,2228224,True,tb_logs/prefill_gqa1_B1_Hq16_Hkv1_S256_D128,
prefill,1,1,16,1,512,128,0,45230,18.11,,345.0,12.9154,32.128,analytic,2147483648,4456448,True,tb_logs/prefill_gqa1_B1_Hq16_Hkv1_S512_D128,
prefill,1,1,16,2,128,128,0,27214,1.88,,151.8,7.771,32.019,analytic,134217728,1179648,True,tb_logs/prefill_gqa1_B1_Hq16_Hkv2_S128_D128,
prefill,1,1,16,2,256,128,0,32730,6.26,,252.4,9.346,32.209,analytic,536870912,2359296,True,tb_logs/prefill_gqa1_B1_Hq16_Hkv2_S256_D128,
prefill,1,1,16,2,512,128,0,45252,18.1,,365.2,12.9216,33.22,analytic,2147483648,4718592,True,tb_logs/prefill_gqa1_B1_Hq16_Hkv2_S512_D128,
prefill,1,1,12,4,128,128,0,21034,1.83,,174.6,6.0063,32.067,analytic,100663296,1048576,True,tb_logs/prefill_gqa1_B1_Hq12_Hkv4_S128_D128,
prefill,1,1,12,4,256,128,0,25173,6.1,,291.8,7.1881,32.302,analytic,402653184,2097152,True,tb_logs/prefill_gqa1_B1_Hq12_Hkv4_S256_D128,
prefill,1,1,12,4,512,128,0,34629,17.74,,424.2,9.8884,32.501,analytic,1610612736,4194304,True,tb_logs/prefill_gqa1_B1_Hq12_Hkv4_S512_D128,
prefill,1,1,32,4,128,128,0,52101,1.97,,158.6,14.8776,32.296,analytic,268435456,2359296,True,tb_logs/prefill_gqa1_B1_Hq32_Hkv4_S128_D128,
prefill,1,1,32,4,256,128,0,62854,6.52,,262.9,17.9482,32.511,analytic,1073741824,4718592,True,tb_logs/prefill_gqa1_B1_Hq32_Hkv4_S256_D128,
prefill,1,1,32,4,512,128,0,87511,18.72,,377.7,24.9889,33.865,analytic,4294967296,9437184,True,tb_logs/prefill_gqa1_B1_Hq32_Hkv4_S512_D128,
prefill,1,1,64,8,128,128,0,101994,2.01,,162.0,29.1246,47.429,analytic,536870912,4718592,True,tb_logs/prefill_gqa1_B1_Hq64_Hkv8_S128_D128,
prefill,1,1,64,8,256,128,0,123330,6.64,,268.0,35.217,48.915,analytic,2147483648,9437184,True,tb_logs/prefill_gqa1_B1_Hq64_Hkv8_S256_D128,
prefill,1,1,64,8,512,128,0,169529,19.33,,389.9,48.4093,62.124,analytic,8589934592,18874368,True,tb_logs/prefill_gqa1_B1_Hq64_Hkv8_S512_D128,
prefill,1,2,2,1,128,128,0,9439,1.36,,145.9,2.6953,47.557,analytic,33554432,393216,True,tb_logs/prefill_gqa1_B2_Hq2_Hkv1_S128_D128,
prefill,1,2,2,1,256,128,0,11189,4.58,,246.2,3.1949,47.543,analytic,134217728,786432,True,tb_logs/prefill_gqa1_B2_Hq2_Hkv1_S256_D128,
prefill,1,2,2,1,512,128,0,15138,13.53,,363.9,4.3226,47.77,analytic,536870912,1572864,True,tb_logs/prefill_gqa1_B2_Hq2_Hkv1_S512_D128,
prefill,1,2,4,1,128,128,0,15955,1.6,,143.8,4.5559,48.44,analytic,67108864,655360,True,tb_logs/prefill_gqa1_B2_Hq4_Hkv1_S128_D128,
prefill,1,2,4,1,256,128,0,18909,5.42,,242.8,5.3994,48.339,analytic,268435456,1310720,True,tb_logs/prefill_gqa1_B2_Hq4_Hkv1_S256_D128,
prefill,1,2,4,1,512,128,0,25750,15.91,,356.5,7.3529,48.98,analytic,1073741824,2621440,True,tb_logs/prefill_gqa1_B2_Hq4_Hkv1_S512_D128,
prefill,1,2,5,1,128,128,0,19163,1.67,,143.7,5.4719,48.941,analytic,83886080,786432,True,tb_logs/prefill_gqa1_B2_Hq5_Hkv1_S128_D128,
prefill,1,2,5,1,256,128,0,22732,5.63,,242.3,6.4912,47.417,analytic,335544320,1572864,True,tb_logs/prefill_gqa1_B2_Hq5_Hkv1_S256_D128,
prefill,1,2,5,1,512,128,0,31022,16.5,,355.1,8.8585,48.672,analytic,1342177280,3145728,True,tb_logs/prefill_gqa1_B2_Hq5_Hkv1_S512_D128,
prefill,1,2,8,1,128,128,0,29186,1.75,,141.5,8.3342,48.642,analytic,134217728,1179648,True,tb_logs/prefill_gqa1_B2_Hq8_Hkv1_S128_D128,
prefill,1,2,8,1,256,128,0,34532,5.93,,239.3,9.8607,46.675,analytic,536870912,2359296,True,tb_logs/prefill_gqa1_B2_Hq8_Hkv1_S256_D128,
prefill,1,2,8,1,512,128,0,47309,17.32,,349.3,13.509,47.389,analytic,2147483648,4718592,True,tb_logs/prefill_gqa1_B2_Hq8_Hkv1_S512_D128,
prefill,1,2,16,1,128,128,0,55682,1.84,,140.1,15.9002,47.59,analytic,268435456,2228224,True,tb_logs/prefill_gqa1_B2_Hq16_Hkv1_S128_D128,
prefill,1,2,16,1,256,128,0,65921,6.21,,236.7,18.8239,47.448,analytic,1073741824,4456448,True,tb_logs/prefill_gqa1_B2_Hq16_Hkv1_S256_D128,
prefill,1,2,16,1,512,128,0,90916,18.02,,343.3,25.9612,47.634,analytic,4294967296,8912896,True,tb_logs/prefill_gqa1_B2_Hq16_Hkv1_S512_D128,
prefill,1,2,16,2,128,128,0,55679,1.84,,148.4,15.8993,47.619,analytic,268435456,2359296,True,tb_logs/prefill_gqa1_B2_Hq16_Hkv2_S128_D128,
prefill,1,2,16,2,256,128,0,65940,6.21,,250.6,18.8291,47.519,analytic,1073741824,4718592,True,tb_logs/prefill_gqa1_B2_Hq16_Hkv2_S256_D128,
prefill,1,2,16,2,512,128,0,90999,18.01,,363.2,25.985,47.576,analytic,4294967296,9437184,True,tb_logs/prefill_gqa1_B2_Hq16_Hkv2_S512_D128,
prefill,1,2,12,4,128,128,0,42235,1.82,,173.9,12.0603,46.721,analytic,201326592,2097152,True,tb_logs/prefill_gqa1_B2_Hq12_Hkv4_S128_D128,
prefill,1,2,12,4,256,128,0,50200,6.12,,292.6,14.3348,46.636,analytic,805306368,4194304,True,tb_logs/prefill_gqa1_B2_Hq12_Hkv4_S256_D128,
prefill,1,2,12,4,512,128,0,69292,17.73,,424.0,19.7864,46.635,analytic,3221225472,8388608,True,tb_logs/prefill_gqa1_B2_Hq12_Hkv4_S512_D128,
prefill,1,2,32,4,128,128,0,108813,1.88,,151.9,31.0718,48.622,analytic,536870912,4718592,True,tb_logs/prefill_gqa1_B2_Hq32_Hkv4_S128_D128,
prefill,1,2,32,4,256,128,0,128952,6.35,,256.3,36.8224,50.565,analytic,2147483648,9437184,True,tb_logs/prefill_gqa1_B2_Hq32_Hkv4_S256_D128,
prefill,1,2,32,4,512,128,0,176116,18.61,,375.3,50.29,62.981,analytic,8589934592,18874368,True,tb_logs/prefill_gqa1_B2_Hq32_Hkv4_S512_D128,
prefill,1,2,64,8,128,128,0,215708,1.9,,153.2,61.5955,83.476,analytic,1073741824,9437184,True,tb_logs/prefill_gqa1_B2_Hq64_Hkv8_S128_D128,
prefill,1,2,64,8,256,128,0,251929,6.5,,262.4,71.9387,95.234,analytic,4294967296,18874368,True,tb_logs/prefill_gqa1_B2_Hq64_Hkv8_S256_D128,
prefill,1,2,64,8,512,128,0,347432,18.86,,380.5,99.2097,119.888,analytic,17179869184,37748736,True,tb_logs/prefill_gqa1_B2_Hq64_Hkv8_S512_D128,
prefill,1,4,2,1,128,128,0,16356,1.57,,168.4,4.6706,48.604,analytic,67108864,786432,True,tb_logs/prefill_gqa1_B4_Hq2_Hkv1_S128_D128,
prefill,1,4,2,1,256,128,0,19667,5.21,,280.1,5.6158,34.018,analytic,268435456,1572864,True,tb_logs/prefill_gqa1_B4_Hq2_Hkv1_S256_D128,
prefill,1,4,2,1,512,128,0,26928,15.21,,409.1,7.6892,33.816,analytic,1073741824,3145728,True,tb_logs/prefill_gqa1_B4_Hq2_Hkv1_S512_D128,
prefill,1,4,4,1,128,128,0,29546,1.73,,155.4,8.437,33.816,analytic,134217728,1310720,True,tb_logs/prefill_gqa1_B4_Hq4_Hkv1_S128_D128,
prefill,1,4,4,1,256,128,0,35250,5.81,,260.4,10.0655,34.004,analytic,536870912,2621440,True,tb_logs/prefill_gqa1_B4_Hq4_Hkv1_S256_D128,
prefill,1,4,4,1,512,128,0,48537,16.88,,378.3,13.8597,33.884,analytic,2147483648,5242880,True,tb_logs/prefill_gqa1_B4_Hq4_Hkv1_S512_D128,
prefill,1,4,5,1,128,128,0,36010,1.78,,153.0,10.2827,33.859,analytic,167772160,1572864,True,tb_logs/prefill_gqa1_B4_Hq5_Hkv1_S128_D128,
prefill,1,4,5,1,256,128,0,43058,5.95,,255.8,12.2952,34.034,analytic,671088640,3145728,True,tb_logs/prefill_gqa1_B4_Hq5_Hkv1_S256_D128,
prefill,1,4,5,1,512,128,0,59462,17.22,,370.5,16.9796,33.645,analytic,2684354560,6291456,True,tb_logs/prefill_gqa1_B4_Hq5_Hkv1_S512_D128,
prefill,1,4,8,1,128,128,0,56065,1.83,,147.4,16.0095,33.745,analytic,268435456,2359296,True,tb_logs/prefill_gqa1_B4_Hq8_Hkv1_S128_D128,
prefill,1,4,8,1,256,128,0,66785,6.13,,247.4,19.0706,48.1,analytic,1073741824,4718592,True,tb_logs/prefill_gqa1_B4_Hq8_Hkv1_S256_D128,
prefill,1,4,8,1,512,128,0,92239,17.76,,358.3,26.339,48.384,analytic,4294967296,9437184,True,tb_logs/prefill_gqa1_B4_Hq8_Hkv1_S512_D128,
prefill,1,4,16,1,128,128,0,109269,1.87,,142.8,31.2019,48.641,analytic,536870912,4456448,True,tb_logs/prefill_gqa1_B4_Hq16_Hkv1_S128_D128,
prefill,1,4,16,1,256,128,0,129744,6.31,,240.6,37.0484,50.059,analytic,2147483648,8912896,True,tb_logs/prefill_gqa1_B4_Hq16_Hkv1_S256_D128,
prefill,1,4,16,1,512,128,0,177324,18.48,,352.0,50.6352,63.163,analytic,8589934592,17825792,True,tb_logs/prefill_gqa1_B4_Hq16_Hkv1_S512_D128,
prefill,1,4,16,2,128,128,0,109232,1.87,,151.3,31.1914,48.726,analytic,536870912,4718592,True,tb_logs/prefill_gqa1_B4_Hq16_Hkv2_S128_D128,
prefill,1,4,16,2,256,128,0,129804,6.31,,254.6,37.0655,50.938,analytic,2147483648,9437184,True,tb_logs/prefill_gqa1_B4_Hq16_Hkv2_S256_D128,
prefill,1,4,16,2,512,128,0,177444,18.47,,372.5,50.6693,64.06,analytic,8589934592,18874368,True,tb_logs/prefill_gqa1_B4_Hq16_Hkv2_S512_D128,
prefill,1,4,12,4,128,128,0,82295,1.87,,178.5,23.4993,48.017,analytic,402653184,4194304,True,tb_logs/prefill_gqa1_B4_Hq12_Hkv4_S128_D128,
prefill,1,4,12,4,256,128,0,98178,6.26,,299.2,28.035,48.967,analytic,1610612736,8388608,True,tb_logs/prefill_gqa1_B4_Hq12_Hkv4_S256_D128,
prefill,1,4,12,4,512,128,0,136206,18.04,,431.4,38.8937,51.993,analytic,6442450944,16777216,True,tb_logs/prefill_gqa1_B4_Hq12_Hkv4_S512_D128,
prefill,1,4,32,4,128,128,0,216127,1.9,,152.9,61.7152,84.158,analytic,1073741824,9437184,True,tb_logs/prefill_gqa1_B4_Hq32_Hkv4_S128_D128,
prefill,1,4,32,4,256,128,0,252744,6.48,,261.5,72.1713,94.928,analytic,4294967296,18874368,True,tb_logs/prefill_gqa1_B4_Hq32_Hkv4_S256_D128,
prefill,1,4,32,4,512,128,0,348736,18.79,,379.1,99.582,120.688,analytic,17179869184,37748736,True,tb_logs/prefill_gqa1_B4_Hq32_Hkv4_S512_D128,
prefill,1,4,64,8,128,128,0,424494,1.93,,155.7,121.2148,161.593,analytic,2147483648,18874368,True,tb_logs/prefill_gqa1_B4_Hq64_Hkv8_S128_D128,
prefill,1,4,64,8,256,128,0,500863,6.54,,263.9,143.0221,185.045,analytic,8589934592,37748736,True,tb_logs/prefill_gqa1_B4_Hq64_Hkv8_S256_D128,
prefill,1,4,64,8,512,128,0,691117,18.97,,382.6,197.3491,234.145,analytic,34359738368,75497472,True,tb_logs/prefill_gqa1_B4_Hq64_Hkv8_S512_D128,
prefill,1,8,2,1,128,128,0,30470,1.68,,180.8,8.7006,35.407,analytic,134217728,1572864,True,tb_logs/prefill_gqa1_B8_Hq2_Hkv1_S128_D128,
prefill,1,8,2,1,256,128,0,37026,5.53,,297.5,10.5727,33.512,analytic,536870912,3145728,True,tb_logs/prefill_gqa1_B8_Hq2_Hkv1_S256_D128,
prefill,1,8,2,1,512,128,0,51228,15.99,,430.1,14.6281,47.45,analytic,2147483648,6291456,True,tb_logs/prefill_gqa1_B8_Hq2_Hkv1_S512_D128,
prefill,1,8,4,1,128,128,0,57002,1.8,,161.1,16.2771,47.652,analytic,268435456,2621440,True,tb_logs/prefill_gqa1_B8_Hq4_Hkv1_S128_D128,
prefill,1,8,4,1,256,128,0,68332,5.99,,268.7,19.5123,46.654,analytic,1073741824,5242880,True,tb_logs/prefill_gqa1_B8_Hq4_Hkv1_S256_D128,
prefill,1,8,4,1,512,128,0,94787,17.29,,387.4,27.0666,38.285,analytic,4294967296,10485760,True,tb_logs/prefill_gqa1_B8_Hq4_Hkv1_S512_D128,
prefill,1,8,5,1,128,128,0,69949,1.83,,157.5,19.974,32.848,analytic,335544320,3145728,True,tb_logs/prefill_gqa1_B8_Hq5_Hkv1_S128_D128,
prefill,1,8,5,1,256,128,0,83982,6.1,,262.4,23.981,35.171,analytic,1342177280,6291456,True,tb_logs/prefill_gqa1_B8_Hq5_Hkv1_S256_D128,
prefill,1,8,5,1,512,128,0,116649,17.56,,377.8,33.3092,48.573,analytic,5368709120,12582912,True,tb_logs/prefill_gqa1_B8_Hq5_Hkv1_S512_D128,
prefill,1,8,8,1,128,128,0,110005,1.86,,150.2,31.412,44.33,analytic,536870912,4718592,True,tb_logs/prefill_gqa1_B8_Hq8_Hkv1_S128_D128,
prefill,1,8,8,1,256,128,0,131288,6.24,,251.7,37.4895,50.207,analytic,2147483648,9437184,True,tb_logs/prefill_gqa1_B8_Hq8_Hkv1_S256_D128,
prefill,1,8,8,1,512,128,0,179839,18.22,,367.5,51.3532,64.415,analytic,8589934592,18874368,True,tb_logs/prefill_gqa1_B8_Hq8_Hkv1_S512_D128,
prefill,1,8,16,1,128,128,0,216831,1.89,,144.0,61.9162,83.099,analytic,1073741824,8912896,True,tb_logs/prefill_gqa1_B8_Hq16_Hkv1_S128_D128,
prefill,1,8,16,1,256,128,0,254247,6.44,,245.5,72.6005,93.839,analytic,4294967296,17825792,True,tb_logs/prefill_gqa1_B8_Hq16_Hkv1_S256_D128,
prefill,1,8,16,1,512,128,0,351015,18.67,,355.7,100.2327,120.058,analytic,17179869184,35651584,True,tb_logs/prefill_gqa1_B8_Hq16_Hkv1_S512_D128,
prefill,1,8,16,2,128,128,0,216884,1.89,,152.4,61.9316,83.397,analytic,1073741824,9437184,True,tb_logs/prefill_gqa1_B8_Hq16_Hkv2_S128_D128,
prefill,1,8,16,2,256,128,0,254315,6.44,,259.9,72.6198,94.808,analytic,4294967296,18874368,True,tb_logs/prefill_gqa1_B8_Hq16_Hkv2_S256_D128,
prefill,1,8,16,2,512,128,0,351140,18.66,,376.5,100.2684,121.456,analytic,17179869184,37748736,True,tb_logs/prefill_gqa1_B8_Hq16_Hkv2_S512_D128,
prefill,1,8,12,4,128,128,0,162458,1.89,,180.8,46.3901,64.646,analytic,805306368,8388608,True,tb_logs/prefill_gqa1_B8_Hq12_Hkv4_S128_D128,
prefill,1,8,12,4,256,128,0,194229,6.33,,302.5,55.4624,74.602,analytic,3221225472,16777216,True,tb_logs/prefill_gqa1_B8_Hq12_Hkv4_S256_D128,
prefill,1,8,12,4,512,128,0,265929,18.48,,441.9,75.9365,96.696,analytic,12884901888,33554432,True,tb_logs/prefill_gqa1_B8_Hq12_Hkv4_S512_D128,
prefill,1,8,32,4,128,128,0,425214,1.93,,155.4,121.4204,161.84,analytic,2147483648,18874368,True,tb_logs/prefill_gqa1_B8_Hq32_Hkv4_S128_D128,
prefill,1,8,32,4,256,128,0,502368,6.52,,263.1,143.4517,184.599,analytic,8589934592,37748736,True,tb_logs/prefill_gqa1_B8_Hq32_Hkv4_S256_D128,
prefill,1,8,32,4,512,128,0,693629,18.9,,381.2,198.0665,235.014,analytic,34359738368,75497472,True,tb_logs/prefill_gqa1_B8_Hq32_Hkv4_S512_D128,
prefill,1,8,64,8,128,128,0,846067,1.94,,156.2,241.5953,319.182,analytic,4294967296,37748736,True,tb_logs/prefill_gqa1_B8_Hq64_Hkv8_S128_D128,
prefill,1,8,64,8,256,128,0,998579,6.56,,264.8,285.1454,364.258,analytic,17179869184,75497472,True,tb_logs/prefill_gqa1_B8_Hq64_Hkv8_S256_D128,
prefill,1,8,64,8,512,128,0,1522511,17.22,,347.3,434.7546,462.536,analytic,68719476736,150994944,True,tb_logs/prefill_gqa1_B8_Hq64_Hkv8_S512_D128,
prefill,1,16,2,1,128,128,0,58735,1.74,,187.6,16.7717,47.506,analytic,268435456,3145728,True,tb_logs/prefill_gqa1_B16_Hq2_Hkv1_S128_D128,
prefill,1,16,2,1,256,128,0,71669,5.72,,307.4,20.465,47.393,analytic,1073741824,6291456,True,tb_logs/prefill_gqa1_B16_Hq2_Hkv1_S256_D128,
prefill,1,16,2,1,512,128,0,99876,16.4,,441.2,28.5198,43.5,analytic,4294967296,12582912,True,tb_logs/prefill_gqa1_B16_Hq2_Hkv1_S512_D128,
prefill,1,16,4,1,128,128,0,111840,1.83,,164.2,31.9361,46.304,analytic,536870912,5242880,True,tb_logs/prefill_gqa1_B16_Hq4_Hkv1_S128_D128,
prefill,1,16,4,1,256,128,0,134722,6.08,,272.6,38.4701,52.717,analytic,2147483648,10485760,True,tb_logs/prefill_gqa1_B16_Hq4_Hkv1_S256_D128,
prefill,1,16,4,1,512,128,0,184922,17.72,,397.2,52.8046,68.218,analytic,8589934592,20971520,True,tb_logs/prefill_gqa1_B16_Hq4_Hkv1_S512_D128,
prefill,1,16,5,1,128,128,0,137864,1.86,,159.8,39.3671,54.619,analytic,671088640,6291456,True,tb_logs/prefill_gqa1_B16_Hq5_Hkv1_S128_D128,
prefill,1,16,5,1,256,128,0,165903,6.17,,265.6,47.3737,62.6,analytic,2684354560,12582912,True,tb_logs/prefill_gqa1_B16_Hq5_Hkv1_S256_D128,
prefill,1,16,5,1,512,128,0,227797,17.98,,386.9,65.0476,82.319,analytic,10737418240,25165824,True,tb_logs/prefill_gqa1_B16_Hq5_Hkv1_S512_D128,
prefill,1,16,8,1,128,128,0,218732,1.87,,151.1,62.4591,83.881,analytic,1073741824,9437184,True,tb_logs/prefill_gqa1_B16_Hq8_Hkv1_S128_D128,
prefill,1,16,8,1,256,128,0,257619,6.36,,256.6,73.5634,95.805,analytic,4294967296,18874368,True,tb_logs/prefill_gqa1_B16_Hq8_Hkv1_S256_D128,
prefill,1,16,8,1,512,128,0,356115,18.4,,371.2,101.689,124.296,analytic,17179869184,37748736,True,tb_logs/prefill_gqa1_B16_Hq8_Hkv1_S512_D128,
prefill,1,16,16,1,128,128,0,427009,1.92,,146.2,121.9328,161.808,analytic,2147483648,17825792,True,tb_logs/prefill_gqa1_B16_Hq16_Hkv1_S128_D128,
prefill,1,16,16,1,256,128,0,505523,6.48,,247.0,144.3526,182.901,analytic,8589934592,35651584,True,tb_logs/prefill_gqa1_B16_Hq16_Hkv1_S256_D128,
prefill,1,16,16,1,512,128,0,698336,18.77,,357.6,199.4107,235.132,analytic,34359738368,71303168,True,tb_logs/prefill_gqa1_B16_Hq16_Hkv1_S512_D128,
prefill,1,16,16,2,128,128,0,427119,1.92,,154.8,121.9642,162.815,analytic,2147483648,18874368,True,tb_logs/prefill_gqa1_B16_Hq16_Hkv2_S128_D128,
prefill,1,16,16,2,256,128,0,505581,6.48,,261.5,144.3692,185.495,analytic,8589934592,37748736,True,tb_logs/prefill_gqa1_B16_Hq16_Hkv2_S256_D128,
prefill,1,16,16,2,512,128,0,698451,18.77,,378.5,199.4436,237.87,analytic,34359738368,75497472,True,tb_logs/prefill_gqa1_B16_Hq16_Hkv2_S512_D128,
prefill,1,16,12,4,128,128,0,324609,1.89,,181.0,92.6924,125.144,analytic,1610612736,16777216,True,tb_logs/prefill_gqa1_B16_Hq12_Hkv4_S128_D128,
prefill,1,16,12,4,256,128,0,381459,6.44,,308.0,108.926,145.193,analytic,6442450944,33554432,True,tb_logs/prefill_gqa1_B16_Hq12_Hkv4_S256_D128,
prefill,1,16,12,4,512,128,0,528359,18.61,,444.8,150.8735,187.878,analytic,25769803776,67108864,True,tb_logs/prefill_gqa1_B16_Hq12_Hkv4_S512_D128,
prefill,1,16,32,4,128,128,0,847685,1.93,,155.9,242.0575,319.473,analytic,4294967296,37748736,True,tb_logs/prefill_gqa1_B16_Hq32_Hkv4_S128_D128,
prefill,1,16,32,4,256,128,0,1001787,6.54,,263.9,286.0613,364.453,analytic,17179869184,75497472,True,tb_logs/prefill_gqa1_B16_Hq32_Hkv4_S256_D128,
prefill,1,16,32,4,512,128,0,1528423,17.15,,346.0,436.4429,463.975,analytic,68719476736,150994944,True,tb_logs/prefill_gqa1_B16_Hq32_Hkv4_S512_D128,
prefill,1,16,64,8,128,128,0,1689292,1.94,,156.5,482.3792,633.092,analytic,8589934592,75497472,True,tb_logs/prefill_gqa1_B16_Hq64_Hkv8_S128_D128,
prefill,1,16,64,8,256,128,0,2170948,6.04,,243.6,619.9165,723.018,analytic,34359738368,150994944,True,tb_logs/prefill_gqa1_B16_Hq64_Hkv8_S256_D128,
prefill,1,16,64,8,512,128,0,3592953,14.59,,294.3,1025.9717,919.674,analytic,137438953472,301989888,True,tb_logs/prefill_gqa1_B16_Hq64_Hkv8_S512_D128,
prefill,1,32,2,1,128,128,0,115261,1.78,,191.2,32.913,46.446,analytic,536870912,6291456,True,tb_logs/prefill_gqa1_B32_Hq2_Hkv1_S128_D128,
prefill,1,32,2,1,256,128,0,141385,5.79,,311.7,40.3727,54.595,analytic,2147483648,12582912,True,tb_logs/prefill_gqa1_B32_Hq2_Hkv1_S256_D128,
prefill,1,32,2,1,512,128,0,194633,16.84,,452.8,55.5777,76.316,analytic,8589934592,25165824,True,tb_logs/prefill_gqa1_B32_Hq2_Hkv1_S512_D128,
prefill,1,32,4,1,128,128,0,222356,1.84,,165.1,63.4939,85.448,analytic,1073741824,10485760,True,tb_logs/prefill_gqa1_B32_Hq4_Hkv1_S128_D128,
prefill,1,32,4,1,256,128,0,264008,6.21,,278.2,75.3879,98.979,analytic,4294967296,20971520,True,tb_logs/prefill_gqa1_B32_Hq4_Hkv1_S256_D128,
prefill,1,32,4,1,512,128,0,366233,17.9,,401.1,104.5783,132.445,analytic,17179869184,41943040,True,tb_logs/prefill_gqa1_B32_Hq4_Hkv1_S512_D128,
prefill,1,32,5,1,128,128,0,275056,1.86,,160.2,78.5425,104.867,analytic,1342177280,12582912,True,tb_logs/prefill_gqa1_B32_Hq5_Hkv1_S128_D128,
prefill,1,32,5,1,256,128,0,326094,6.28,,270.3,93.1166,120.562,analytic,5368709120,25165824,True,tb_logs/prefill_gqa1_B32_Hq5_Hkv1_S256_D128,
prefill,1,32,5,1,512,128,0,451987,18.12,,390.0,129.0655,159.902,analytic,21474836480,50331648,True,tb_logs/prefill_gqa1_B32_Hq5_Hkv1_S512_D128,
prefill,1,32,8,1,128,128,0,430141,1.9,,153.7,122.8273,163.401,analytic,2147483648,18874368,True,tb_logs/prefill_gqa1_B32_Hq8_Hkv1_S128_D128,
prefill,1,32,8,1,256,128,0,512160,6.4,,258.1,146.2479,187.03,analytic,8589934592,37748736,True,tb_logs/prefill_gqa1_B32_Hq8_Hkv1_S256_D128,
prefill,1,32,8,1,512,128,0,708410,18.5,,373.2,202.2873,244.742,analytic,34359738368,75497472,True,tb_logs/prefill_gqa1_B32_Hq8_Hkv1_S512_D128,
prefill,1,32,16,1,128,128,0,851196,1.92,,146.7,243.0599,318.824,analytic,4294967296,35651584,True,tb_logs/prefill_gqa1_B32_Hq16_Hkv1_S128_D128,
prefill,1,32,16,1,256,128,0,1007898,6.5,,247.7,287.8063,376.368,analytic,17179869184,71303168,True,tb_logs/prefill_gqa1_B32_Hq16_Hkv1_S256_D128,
prefill,1,32,16,1,512,128,0,1539053,17.03,,324.5,439.4782,464.967,analytic,68719476736,142606336,True,tb_logs/prefill_gqa1_B32_Hq16_Hkv1_S512_D128,
prefill,1,32,16,2,128,128,0,851305,1.92,,155.3,243.0911,320.227,analytic,4294967296,37748736,True,tb_logs/prefill_gqa1_B32_Hq16_Hkv2_S128_D128,
prefill,1,32,16,2,256,128,0,1008233,6.5,,262.2,287.902,366.819,analytic,17179869184,75497472,True,tb_logs/prefill_gqa1_B32_Hq16_Hkv2_S256_D128,
prefill,1,32,16,2,512,128,0,1539908,17.02,,343.4,439.7225,470.428,analytic,68719476736,150994944,True,tb_logs/prefill_gqa1_B32_Hq16_Hkv2_S512_D128,
prefill,1,32,12,4,128,128,0,638313,1.93,,184.1,182.271,246.259,analytic,3221225472,33554432,True,tb_logs/prefill_gqa1_B32_Hq12_Hkv4_S128_D128,
prefill,1,32,12,4,256,128,0,760100,6.47,,309.2,217.0474,285.744,analytic,12884901888,67108864,True,tb_logs/prefill_gqa1_B32_Hq12_Hkv4_S256_D128,
prefill,1,32,12,4,512,128,0,1136595,17.3,,413.5,324.5558,372.358,analytic,51539607552,134217728,True,tb_logs/prefill_gqa1_B32_Hq12_Hkv4_S512_D128,
prefill,1,32,32,4,128,128,0,1693105,1.94,,156.2,483.468,636.734,analytic,8589934592,75497472,True,tb_logs/prefill_gqa1_B32_Hq32_Hkv4_S128_D128,
prefill,1,32,32,4,256,128,0,2177243,6.02,,242.9,621.7141,725.741,analytic,34359738368,150994944,True,tb_logs/prefill_gqa1_B32_Hq32_Hkv4_S256_D128,
prefill,1,32,32,4,512,128,0,3612301,14.51,,292.8,1031.4965,928.094,analytic,137438953472,301989888,True,tb_logs/prefill_gqa1_B32_Hq32_Hkv4_S512_D128,
prefill,1,32,64,8,128,128,0,3615023,1.81,,146.3,1032.2739,1264.623,analytic,17179869184,150994944,True,tb_logs/prefill_gqa1_B32_Hq64_Hkv8_S128_D128,
prefill,1,32,64,8,256,128,0,5315519,4.93,,199.0,1517.8522,1433.818,analytic,68719476736,301989888,True,tb_logs/prefill_gqa1_B32_Hq64_Hkv8_S256_D128,
prefill,1,32,64,8,512,128,0,7181610,14.6,,294.5,2050.7167,1831.213,analytic,274877906944,603979776,True,tb_logs/prefill_gqa1_B32_Hq64_Hkv8_S512_D128,
decode,1,1,2,1,128,128,0,7470,0.01,,31.2,2.133,47.282,analytic,131072,66560,True,tb_logs/decode_gqa1_B1_Hq2_Hkv1_S128_D128,
decode,1,1,2,1,256,128,0,7481,0.01,,61.8,2.1361,47.365,analytic,262144,132096,True,tb_logs/decode_gqa1_B1_Hq2_Hkv1_S256_D128,
decode,1,1,2,1,512,128,0,8252,0.02,,111.7,2.3565,47.436,analytic,524288,263168,True,tb_logs/decode_gqa1_B1_Hq2_Hkv1_S512_D128,
decode,1,1,4,1,128,128,0,9877,0.01,,24.0,2.8204,47.084,analytic,262144,67584,True,tb_logs/decode_gqa1_B1_Hq4_Hkv1_S128_D128,
decode,1,1,4,1,256,128,0,10111,0.02,,46.1,2.8871,47.408,analytic,524288,133120,True,tb_logs/decode_gqa1_B1_Hq4_Hkv1_S256_D128,
decode,1,1,4,1,512,128,0,11162,0.04,,82.9,3.1873,47.529,analytic,1048576,264192,True,tb_logs/decode_gqa1_B1_Hq4_Hkv1_S512_D128,
decode,1,1,5,1,128,128,0,11185,0.01,,21.3,3.1939,47.869,analytic,327680,68096,True,tb_logs/decode_gqa1_B1_Hq5_Hkv1_S128_D128,
decode,1,1,5,1,256,128,0,11576,0.02,,40.4,3.3057,47.472,analytic,655360,133632,True,tb_logs/decode_gqa1_B1_Hq5_Hkv1_S256_D128,
decode,1,1,5,1,512,128,0,12571,0.04,,73.7,3.5896,47.363,analytic,1310720,264704,True,tb_logs/decode_gqa1_B1_Hq5_Hkv1_S512_D128,
decode,1,1,8,1,128,128,0,14973,0.01,,16.3,4.2756,47.57,analytic,524288,69632,True,tb_logs/decode_gqa1_B1_Hq8_Hkv1_S128_D128,
decode,1,1,8,1,256,128,0,15458,0.03,,30.6,4.4139,46.555,analytic,1048576,135168,True,tb_logs/decode_gqa1_B1_Hq8_Hkv1_S256_D128,
decode,1,1,8,1,512,128,0,17021,0.05,,54.8,4.8605,47.366,analytic,2097152,266240,True,tb_logs/decode_gqa1_B1_Hq8_Hkv1_S512_D128,
decode,1,1,16,1,128,128,0,25252,0.02,,10.2,7.2109,47.658,analytic,1048576,73728,True,tb_logs/decode_gqa1_B1_Hq16_Hkv1_S128_D128,
decode,1,1,16,1,256,128,0,25791,0.03,,18.9,7.3646,47.286,analytic,2097152,139264,True,tb_logs/decode_gqa1_B1_Hq16_Hkv1_S256_D128,
decode,1,1,16,1,512,128,0,28669,0.06,,33.0,8.1863,47.284,analytic,4194304,270336,True,tb_logs/decode_gqa1_B1_Hq16_Hkv1_S512_D128,
decode,1,1,16,2,128,128,0,26682,0.01,,18.3,7.619,48.313,analytic,1048576,139264,True,tb_logs/decode_gqa1_B1_Hq16_Hkv2_S128_D128,
decode,1,1,16,2,256,128,0,27270,0.03,,34.7,7.787,48.0,analytic,2097152,270336,True,tb_logs/decode_gqa1_B1_Hq16_Hkv2_S256_D128,
decode,1,1,16,2,512,128,0,30061,0.05,,62.0,8.5839,47.575,analytic,4194304,532480,True,tb_logs/decode_gqa1_B1_Hq16_Hkv2_S512_D128,
decode,1,1,12,4,128,128,0,23432,0.01,,40.1,6.691,47.802,analytic,786432,268288,True,tb_logs/decode_gqa1_B1_Hq12_Hkv4_S128_D128,
decode,1,1,12,4,256,128,0,24533,0.02,,75.7,7.0055,48.589,analytic,1572864,530432,True,tb_logs/decode_gqa1_B1_Hq12_Hkv4_S256_D128,
decode,1,1,12,4,512,128,0,27115,0.04,,136.2,7.7426,49.082,analytic,3145728,1054720,True,tb_logs/decode_gqa1_B1_Hq12_Hkv4_S512_D128,
decode,1,1,32,4,128,128,0,49170,0.02,,19.8,14.0406,49.264,analytic,2097152,278528,True,tb_logs/decode_gqa1_B1_Hq32_Hkv4_S128_D128,
decode,1,1,32,4,256,128,0,50765,0.03,,37.3,14.496,48.812,analytic,4194304,540672,True,tb_logs/decode_gqa1_B1_Hq32_Hkv4_S256_D128,
decode,1,1,32,4,512,128,0,56287,0.06,,66.3,16.073,48.785,analytic,8388608,1064960,True,tb_logs/decode_gqa1_B1_Hq32_Hkv4_S512_D128,
decode,1,1,64,8,128,128,0,94980,0.02,,20.5,27.1216,51.391,analytic,4194304,557056,True,tb_logs/decode_gqa1_B1_Hq64_Hkv8_S128_D128,
decode,1,1,64,8,256,128,0,97435,0.03,,38.9,27.8226,48.455,analytic,8388608,1081344,True,tb_logs/decode_gqa1_B1_Hq64_Hkv8_S256_D128,
decode,1,1,64,8,512,128,0,109755,0.06,,68.0,31.3407,49.073,analytic,16777216,2129920,True,tb_logs/decode_gqa1_B1_Hq64_Hkv8_S512_D128,
decode,1,2,2,1,128,128,0,10944,0.01,,42.6,3.125,33.46,analytic,262144,133120,True,tb_logs/decode_gqa1_B2_Hq2_Hkv1_S128_D128,
decode,1,2,2,1,256,128,0,11467,0.02,,80.7,3.2744,32.641,analytic,524288,264192,True,tb_logs/decode_gqa1_B2_Hq2_Hkv1_S256_D128,
decode,1,2,2,1,512,128,0,12558,0.03,,146.8,3.5858,32.565,analytic,1048576,526336,True,tb_logs/decode_gqa1_B2_Hq2_Hkv1_S512_D128,
decode,1,2,4,1,128,128,0,16079,0.01,,29.4,4.5913,34.969,analytic,524288,135168,True,tb_logs/decode_gqa1_B2_Hq4_Hkv1_S128_D128,
decode,1,2,4,1,256,128,0,16856,0.02,,55.3,4.8133,32.24,analytic,1048576,266240,True,tb_logs/decode_gqa1_B2_Hq4_Hkv1_S256_D128,
decode,1,2,4,1,512,128,0,18582,0.04,,99.6,5.306,32.423,analytic,2097152,528384,True,tb_logs/decode_gqa1_B2_Hq4_Hkv1_S512_D128,
decode,1,2,5,1,128,128,0,18806,0.01,,25.4,5.37,32.512,analytic,655360,136192,True,tb_logs/decode_gqa1_B2_Hq5_Hkv1_S128_D128,
decode,1,2,5,1,256,128,0,19595,0.03,,47.8,5.5953,35.616,analytic,1310720,267264,True,tb_logs/decode_gqa1_B2_Hq5_Hkv1_S256_D128,
decode,1,2,5,1,512,128,0,21703,0.05,,85.4,6.1974,36.802,analytic,2621440,529408,True,tb_logs/decode_gqa1_B2_Hq5_Hkv1_S512_D128,
decode,1,2,8,1,128,128,0,26438,0.02,,18.4,7.5494,32.421,analytic,1048576,139264,True,tb_logs/decode_gqa1_B2_Hq8_Hkv1_S128_D128,
decode,1,2,8,1,256,128,0,27663,0.03,,34.2,7.8993,32.271,analytic,2097152,270336,True,tb_logs/decode_gqa1_B2_Hq8_Hkv1_S256_D128,
decode,1,2,8,1,512,128,0,30680,0.05,,60.8,8.7608,40.5,analytic,4194304,532480,True,tb_logs/decode_gqa1_B2_Hq8_Hkv1_S512_D128,
decode,1,2,16,1,128,128,0,47095,0.02,,11.0,13.4482,39.148,analytic,2097152,147456,True,tb_logs/decode_gqa1_B2_Hq16_Hkv1_S128_D128,
decode,1,2,16,1,256,128,0,48884,0.03,,20.0,13.9588,47.974,analytic,4194304,278528,True,tb_logs/decode_gqa1_B2_Hq16_Hkv1_S256_D128,
decode,1,2,16,1,512,128,0,55037,0.06,,34.4,15.7159,47.914,analytic,8388608,540672,True,tb_logs/decode_gqa1_B2_Hq16_Hkv1_S512_D128,
decode,1,2,16,2,128,128,0,49294,0.02,,19.8,14.0761,48.709,analytic,2097152,278528,True,tb_logs/decode_gqa1_B2_Hq16_Hkv2_S128_D128,
decode,1,2,16,2,256,128,0,51404,0.03,,36.8,14.6784,34.378,analytic,4194304,540672,True,tb_logs/decode_gqa1_B2_Hq16_Hkv2_S256_D128,
decode,1,2,16,2,512,128,0,57268,0.06,,65.1,16.3529,34.268,analytic,8388608,1064960,True,tb_logs/decode_gqa1_B2_Hq16_Hkv2_S512_D128,
decode,1,2,12,4,128,128,0,43452,0.01,,43.2,12.4078,33.306,analytic,1572864,536576,True,tb_logs/decode_gqa1_B2_Hq12_Hkv4_S128_D128,
decode,1,2,12,4,256,128,0,45611,0.03,,81.5,13.0241,52.727,analytic,3145728,1060864,True,tb_logs/decode_gqa1_B2_Hq12_Hkv4_S256_D128,
decode,1,2,12,4,512,128,0,50924,0.05,,145.1,14.5414,53.209,analytic,6291456,2109440,True,tb_logs/decode_gqa1_B2_Hq12_Hkv4_S512_D128,
decode,1,2,32,4,128,128,0,94771,0.02,,20.6,27.0618,53.884,analytic,4194304,557056,True,tb_logs/decode_gqa1_B2_Hq32_Hkv4_S128_D128,
decode,1,2,32,4,256,128,0,99071,0.03,,38.2,28.2899,47.74,analytic,8388608,1081344,True,tb_logs/decode_gqa1_B2_Hq32_Hkv4_S256_D128,
decode,1,2,32,4,512,128,0,110348,0.06,,67.6,31.51,48.509,analytic,16777216,2129920,True,tb_logs/decode_gqa1_B2_Hq32_Hkv4_S512_D128,
decode,1,2,64,8,128,128,0,185796,0.02,,21.0,53.0543,58.56,analytic,8388608,1114112,True,tb_logs/decode_gqa1_B2_Hq64_Hkv8_S128_D128,
decode,1,2,64,8,256,128,0,194567,0.03,,38.9,55.5587,60.979,analytic,16777216,2162688,True,tb_logs/decode_gqa1_B2_Hq64_Hkv8_S256_D128,
decode,1,2,64,8,512,128,0,219574,0.06,,67.9,62.6997,67.966,analytic,33554432,4259840,True,tb_logs/decode_gqa1_B2_Hq64_Hkv8_S512_D128,
decode,1,4,2,1,128,128,0,18438,0.01,,50.6,5.265,52.996,analytic,524288,266240,True,tb_logs/decode_gqa1_B4_Hq2_Hkv1_S128_D128,
decode,1,4,2,1,256,128,0,19439,0.02,,95.2,5.5507,47.937,analytic,1048576,528384,True,tb_logs/decode_gqa1_B4_Hq2_Hkv1_S256_D128,
decode,1,4,2,1,512,128,0,21593,0.04,,170.7,6.166,46.175,analytic,2097152,1052672,True,tb_logs/decode_gqa1_B4_Hq2_Hkv1_S512_D128,
decode,1,4,4,1,128,128,0,29024,0.01,,32.6,8.2877,46.156,analytic,1048576,270336,True,tb_logs/decode_gqa1_B4_Hq4_Hkv1_S128_D128,
decode,1,4,4,1,256,128,0,30509,0.03,,61.1,8.712,46.456,analytic,2097152,532480,True,tb_logs/decode_gqa1_B4_Hq4_Hkv1_S256_D128,
decode,1,4,4,1,512,128,0,33771,0.05,,109.6,9.6435,47.034,analytic,4194304,1056768,True,tb_logs/decode_gqa1_B4_Hq4_Hkv1_S512_D128,
decode,1,4,5,1,128,128,0,34300,0.01,,27.8,9.7944,47.024,analytic,1310720,272384,True,tb_logs/decode_gqa1_B4_Hq5_Hkv1_S128_D128,
decode,1,4,5,1,256,128,0,35849,0.03,,52.2,10.2366,46.694,analytic,2621440,534528,True,tb_logs/decode_gqa1_B4_Hq5_Hkv1_S256_D128,
decode,1,4,5,1,512,128,0,39367,0.05,,94.2,11.2413,44.256,analytic,5242880,1058816,True,tb_logs/decode_gqa1_B4_Hq5_Hkv1_S512_D128,
decode,1,4,8,1,128,128,0,49643,0.02,,19.6,14.1757,41.928,analytic,2097152,278528,True,tb_logs/decode_gqa1_B4_Hq8_Hkv1_S128_D128,
decode,1,4,8,1,256,128,0,51873,0.03,,36.5,14.8125,49.319,analytic,4194304,540672,True,tb_logs/decode_gqa1_B4_Hq8_Hkv1_S256_D128,
decode,1,4,8,1,512,128,0,57696,0.06,,64.6,16.4752,42.607,analytic,8388608,1064960,True,tb_logs/decode_gqa1_B4_Hq8_Hkv1_S512_D128,
decode,1,4,16,1,128,128,0,90801,0.02,,11.4,25.9285,33.42,analytic,4194304,294912,True,tb_logs/decode_gqa1_B4_Hq16_Hkv1_S128_D128,
decode,1,4,16,1,256,128,0,94621,0.03,,20.6,27.0192,35.177,analytic,8388608,557056,True,tb_logs/decode_gqa1_B4_Hq16_Hkv1_S256_D128,
decode,1,4,16,1,512,128,0,105748,0.06,,35.8,30.1965,36.652,analytic,16777216,1081344,True,tb_logs/decode_gqa1_B4_Hq16_Hkv1_S512_D128,
decode,1,4,16,2,128,128,0,95274,0.02,,20.5,27.2055,48.915,analytic,4194304,557056,True,tb_logs/decode_gqa1_B4_Hq16_Hkv2_S128_D128,
decode,1,4,16,2,256,128,0,99529,0.03,,38.0,28.4207,49.201,analytic,8388608,1081344,True,tb_logs/decode_gqa1_B4_Hq16_Hkv2_S256_D128,
decode,1,4,16,2,512,128,0,111829,0.06,,66.7,31.9329,48.292,analytic,16777216,2129920,True,tb_logs/decode_gqa1_B4_Hq16_Hkv2_S512_D128,
decode,1,4,12,4,128,128,0,82894,0.01,,45.3,23.6706,48.489,analytic,3145728,1073152,True,tb_logs/decode_gqa1_B4_Hq12_Hkv4_S128_D128,
decode,1,4,12,4,256,128,0,87953,0.03,,84.5,25.115,47.426,analytic,6291456,2121728,True,tb_logs/decode_gqa1_B4_Hq12_Hkv4_S256_D128,
decode,1,4,12,4,512,128,0,97248,0.05,,151.9,27.7691,46.488,analytic,12582912,4218880,True,tb_logs/decode_gqa1_B4_Hq12_Hkv4_S512_D128,
decode,1,4,32,4,128,128,0,185859,0.02,,21.0,53.0723,58.8,analytic,8388608,1114112,True,tb_logs/decode_gqa1_B4_Hq32_Hkv4_S128_D128,
decode,1,4,32,4,256,128,0,194726,0.03,,38.9,55.6041,61.174,analytic,16777216,2162688,True,tb_logs/decode_gqa1_B4_Hq32_Hkv4_S256_D128,
decode,1,4,32,4,512,128,0,219579,0.06,,67.9,62.7012,68.086,analytic,33554432,4259840,True,tb_logs/decode_gqa1_B4_Hq32_Hkv4_S512_D128,
decode,1,4,64,8,128,128,0,367080,0.02,,21.3,104.8201,110.003,analytic,16777216,2228224,True,tb_logs/decode_gqa1_B4_Hq64_Hkv8_S128_D128,
decode,1,4,64,8,256,128,0,383560,0.03,,39.5,109.5261,114.696,analytic,33554432,4325376,True,tb_logs/decode_gqa1_B4_Hq64_Hkv8_S256_D128,
decode,1,4,64,8,512,128,0,437717,0.06,,68.2,124.9904,130.045,analytic,67108864,8519680,True,tb_logs/decode_gqa1_B4_Hq64_Hkv8_S512_D128,
decode,1,8,2,1,128,128,0,33355,0.01,,55.9,9.5246,38.137,analytic,1048576,532480,True,tb_logs/decode_gqa1_B8_Hq2_Hkv1_S128_D128,
decode,1,8,2,1,256,128,0,35565,0.02,,104.1,10.1557,46.841,analytic,2097152,1056768,True,tb_logs/decode_gqa1_B8_Hq2_Hkv1_S256_D128,
decode,1,8,2,1,512,128,0,39260,0.04,,187.8,11.2108,46.917,analytic,4194304,2105344,True,tb_logs/decode_gqa1_B8_Hq2_Hkv1_S512_D128,
decode,1,8,4,1,128,128,0,54652,0.01,,34.6,15.6061,46.656,analytic,2097152,540672,True,tb_logs/decode_gqa1_B8_Hq4_Hkv1_S128_D128,
decode,1,8,4,1,256,128,0,57435,0.03,,64.9,16.4005,46.757,analytic,4194304,1064960,True,tb_logs/decode_gqa1_B8_Hq4_Hkv1_S256_D128,
decode,1,8,4,1,512,128,0,63809,0.05,,116.0,18.2208,47.201,analytic,8388608,2113536,True,tb_logs/decode_gqa1_B8_Hq4_Hkv1_S512_D128,
decode,1,8,5,1,128,128,0,65172,0.02,,29.3,18.61,46.954,analytic,2621440,544768,True,tb_logs/decode_gqa1_B8_Hq5_Hkv1_S128_D128,
decode,1,8,5,1,256,128,0,68253,0.03,,54.9,19.4897,46.858,analytic,5242880,1069056,True,tb_logs/decode_gqa1_B8_Hq5_Hkv1_S256_D128,
decode,1,8,5,1,512,128,0,75918,0.05,,97.7,21.6784,47.909,analytic,10485760,2117632,True,tb_logs/decode_gqa1_B8_Hq5_Hkv1_S512_D128,
decode,1,8,8,1,128,128,0,96172,0.02,,20.3,27.4621,48.808,analytic,4194304,557056,True,tb_logs/decode_gqa1_B8_Hq8_Hkv1_S128_D128,
decode,1,8,8,1,256,128,0,100243,0.03,,37.8,28.6246,48.168,analytic,8388608,1081344,True,tb_logs/decode_gqa1_B8_Hq8_Hkv1_S256_D128,
decode,1,8,8,1,512,128,0,111697,0.06,,66.8,31.8951,48.631,analytic,16777216,2129920,True,tb_logs/decode_gqa1_B8_Hq8_Hkv1_S512_D128,
decode,1,8,16,1,128,128,0,178364,0.02,,11.6,50.932,56.263,analytic,8388608,589824,True,tb_logs/decode_gqa1_B8_Hq16_Hkv1_S128_D128,
decode,1,8,16,1,256,128,0,185921,0.03,,21.0,53.09,58.608,analytic,16777216,1114112,True,tb_logs/decode_gqa1_B8_Hq16_Hkv1_S256_D128,
decode,1,8,16,1,512,128,0,208234,0.06,,36.4,59.4616,65.056,analytic,33554432,2162688,True,tb_logs/decode_gqa1_B8_Hq16_Hkv1_S512_D128,
decode,1,8,16,2,128,128,0,187220,0.02,,20.8,53.461,59.068,analytic,8388608,1114112,True,tb_logs/decode_gqa1_B8_Hq16_Hkv2_S128_D128,
decode,1,8,16,2,256,128,0,195597,0.03,,38.7,55.8528,61.405,analytic,16777216,2162688,True,tb_logs/decode_gqa1_B8_Hq16_Hkv2_S256_D128,
decode,1,8,16,2,512,128,0,219590,0.06,,67.9,62.7041,68.351,analytic,33554432,4259840,True,tb_logs/decode_gqa1_B8_Hq16_Hkv2_S512_D128,
decode,1,8,12,4,128,128,0,162852,0.01,,46.2,46.5027,51.971,analytic,6291456,2146304,True,tb_logs/decode_gqa1_B8_Hq12_Hkv4_S128_D128,
decode,1,8,12,4,256,128,0,172492,0.03,,86.2,49.2552,54.698,analytic,12582912,4243456,True,tb_logs/decode_gqa1_B8_Hq12_Hkv4_S256_D128,
decode,1,8,12,4,512,128,0,192073,0.05,,153.8,54.8467,60.099,analytic,25165824,8437760,True,tb_logs/decode_gqa1_B8_Hq12_Hkv4_S512_D128,
decode,1,8,32,4,128,128,0,368743,0.02,,21.2,105.2951,110.415,analytic,16777216,2228224,True,tb_logs/decode_gqa1_B8_Hq32_Hkv4_S128_D128,
decode,1,8,32,4,256,128,0,386003,0.03,,39.2,110.2235,115.412,analytic,33554432,4325376,True,tb_logs/decode_gqa1_B8_Hq32_Hkv4_S256_D128,
decode,1,8,32,4,512,128,0,437817,0.06,,68.1,125.0192,130.027,analytic,67108864,8519680,True,tb_logs/decode_gqa1_B8_Hq32_Hkv4_S512_D128,
decode,1,8,64,8,128,128,0,731046,0.02,,21.3,208.7509,214.123,analytic,33554432,4456448,True,tb_logs/decode_gqa1_B8_Hq64_Hkv8_S128_D128,
decode,1,8,64,8,256,128,0,765875,0.03,,39.6,218.6965,224.308,analytic,67108864,8650752,True,tb_logs/decode_gqa1_B8_Hq64_Hkv8_S256_D128,
decode,1,8,64,8,512,128,0,875185,0.06,,68.2,249.9101,253.756,analytic,134217728,17039360,True,tb_logs/decode_gqa1_B8_Hq64_Hkv8_S512_D128,
decode,1,16,2,1,128,128,0,63332,0.01,,58.9,18.0845,47.914,analytic,2097152,1064960,True,tb_logs/decode_gqa1_B16_Hq2_Hkv1_S128_D128,
decode,1,16,2,1,256,128,0,67385,0.02,,109.8,19.242,48.256,analytic,4194304,2113536,True,tb_logs/decode_gqa1_B16_Hq2_Hkv1_S256_D128,
decode,1,16,2,1,512,128,0,74712,0.04,,197.4,21.3342,47.661,analytic,8388608,4210688,True,tb_logs/decode_gqa1_B16_Hq2_Hkv1_S512_D128,
decode,1,16,4,1,128,128,0,105993,0.02,,35.7,30.2663,48.197,analytic,4194304,1081344,True,tb_logs/decode_gqa1_B16_Hq4_Hkv1_S128_D128,
decode,1,16,4,1,256,128,0,111076,0.03,,67.2,31.7179,36.555,analytic,8388608,2129920,True,tb_logs/decode_gqa1_B16_Hq4_Hkv1_S256_D128,
decode,1,16,4,1,512,128,0,123078,0.05,,120.3,35.1449,39.758,analytic,16777216,4227072,True,tb_logs/decode_gqa1_B16_Hq4_Hkv1_S512_D128,
decode,1,16,5,1,128,128,0,126696,0.02,,30.1,36.1782,40.829,analytic,5242880,1089536,True,tb_logs/decode_gqa1_B16_Hq5_Hkv1_S128_D128,
decode,1,16,5,1,256,128,0,132920,0.03,,56.3,37.9556,42.611,analytic,10485760,2138112,True,tb_logs/decode_gqa1_B16_Hq5_Hkv1_S256_D128,
decode,1,16,5,1,512,128,0,146926,0.05,,100.9,41.9548,46.84,analytic,20971520,4235264,True,tb_logs/decode_gqa1_B16_Hq5_Hkv1_S512_D128,
decode,1,16,8,1,128,128,0,188027,0.02,,20.8,53.6914,58.279,analytic,8388608,1114112,True,tb_logs/decode_gqa1_B16_Hq8_Hkv1_S128_D128,
decode,1,16,8,1,256,128,0,196835,0.03,,38.5,56.2066,60.888,analytic,16777216,2162688,True,tb_logs/decode_gqa1_B16_Hq8_Hkv1_S256_D128,
decode,1,16,8,1,512,128,0,219505,0.06,,68.0,62.6798,67.464,analytic,33554432,4259840,True,tb_logs/decode_gqa1_B16_Hq8_Hkv1_S512_D128,
decode,1,16,16,1,128,128,0,351710,0.02,,11.7,100.4311,105.185,analytic,16777216,1179648,True,tb_logs/decode_gqa1_B16_Hq16_Hkv1_S128_D128,
decode,1,16,16,1,256,128,0,367074,0.03,,21.3,104.8184,109.507,analytic,33554432,2228224,True,tb_logs/decode_gqa1_B16_Hq16_Hkv1_S256_D128,
decode,1,16,16,1,512,128,0,412688,0.06,,36.7,117.8435,122.658,analytic,67108864,4325376,True,tb_logs/decode_gqa1_B16_Hq16_Hkv1_S512_D128,
decode,1,16,16,2,128,128,0,369201,0.02,,21.1,105.4256,110.132,analytic,16777216,2228224,True,tb_logs/decode_gqa1_B16_Hq16_Hkv2_S128_D128,
decode,1,16,16,2,256,128,0,387437,0.03,,39.1,110.6331,115.457,analytic,33554432,4325376,True,tb_logs/decode_gqa1_B16_Hq16_Hkv2_S256_D128,
decode,1,16,16,2,512,128,0,437950,0.06,,68.1,125.057,129.482,analytic,67108864,8519680,True,tb_logs/decode_gqa1_B16_Hq16_Hkv2_S512_D128,
decode,1,16,12,4,128,128,0,321426,0.01,,46.8,91.7835,96.43,analytic,12582912,4292608,True,tb_logs/decode_gqa1_B16_Hq12_Hkv4_S128_D128,
decode,1,16,12,4,256,128,0,340588,0.03,,87.3,97.2552,101.996,analytic,25165824,8486912,True,tb_logs/decode_gqa1_B16_Hq12_Hkv4_S256_D128,
decode,1,16,12,4,512,128,0,380726,0.05,,155.2,108.7167,113.437,analytic,50331648,16875520,True,tb_logs/decode_gqa1_B16_Hq12_Hkv4_S512_D128,
decode,1,16,32,4,128,128,0,733511,0.02,,21.3,209.4549,214.437,analytic,33554432,4456448,True,tb_logs/decode_gqa1_B16_Hq32_Hkv4_S128_D128,
decode,1,16,32,4,256,128,0,768295,0.03,,39.4,219.3875,225.119,analytic,67108864,8650752,True,tb_logs/decode_gqa1_B16_Hq32_Hkv4_S256_D128,
decode,1,16,32,4,512,128,0,875161,0.06,,68.2,249.9031,254.128,analytic,134217728,17039360,True,tb_logs/decode_gqa1_B16_Hq32_Hkv4_S512_D128,
decode,1,16,64,8,128,128,0,1462166,0.02,,21.3,417.5232,423.321,analytic,67108864,8912896,True,tb_logs/decode_gqa1_B16_Hq64_Hkv8_S128_D128,
decode,1,16,64,8,256,128,0,1529391,0.03,,39.6,436.7192,442.248,analytic,134217728,17301504,True,tb_logs/decode_gqa1_B16_Hq64_Hkv8_S256_D128,
decode,1,16,64,8,512,128,0,1749295,0.06,,68.2,499.513,506.862,analytic,268435456,34078720,True,tb_logs/decode_gqa1_B16_Hq64_Hkv8_S512_D128,
decode,1,32,2,1,128,128,0,123020,0.01,,60.6,35.1285,39.734,analytic,4194304,2129920,True,tb_logs/decode_gqa1_B32_Hq2_Hkv1_S128_D128,
decode,1,32,2,1,256,128,0,130912,0.02,,113.1,37.382,41.997,analytic,8388608,4227072,True,tb_logs/decode_gqa1_B32_Hq2_Hkv1_S256_D128,
decode,1,32,2,1,512,128,0,146483,0.04,,201.3,41.8285,46.693,analytic,16777216,8421376,True,tb_logs/decode_gqa1_B32_Hq2_Hkv1_S512_D128,
decode,1,32,4,1,128,128,0,208541,0.02,,36.3,59.5491,64.186,analytic,8388608,2162688,True,tb_logs/decode_gqa1_B32_Hq4_Hkv1_S128_D128,
decode,1,32,4,1,256,128,0,219234,0.03,,68.0,62.6024,67.122,analytic,16777216,4259840,True,tb_logs/decode_gqa1_B32_Hq4_Hkv1_S256_D128,
decode,1,32,4,1,512,128,0,242500,0.05,,122.1,69.2461,73.844,analytic,33554432,8454144,True,tb_logs/decode_gqa1_B32_Hq4_Hkv1_S512_D128,
decode,1,32,5,1,128,128,0,249986,0.02,,30.5,71.3837,76.037,analytic,10485760,2179072,True,tb_logs/decode_gqa1_B32_Hq5_Hkv1_S128_D128,
decode,1,32,5,1,256,128,0,262677,0.03,,57.0,75.0078,79.788,analytic,20971520,4276224,True,tb_logs/decode_gqa1_B32_Hq5_Hkv1_S256_D128,
decode,1,32,5,1,512,128,0,291280,0.05,,101.8,83.1754,87.88,analytic,41943040,8470528,True,tb_logs/decode_gqa1_B32_Hq5_Hkv1_S512_D128,
decode,1,32,8,1,128,128,0,373622,0.02,,20.9,106.6882,111.368,analytic,16777216,2228224,True,tb_logs/decode_gqa1_B32_Hq8_Hkv1_S128_D128,
decode,1,32,8,1,256,128,0,390147,0.03,,38.8,111.407,116.121,analytic,33554432,4325376,True,tb_logs/decode_gqa1_B32_Hq8_Hkv1_S256_D128,
decode,1,32,8,1,512,128,0,438089,0.06,,68.1,125.0967,129.528,analytic,67108864,8519680,True,tb_logs/decode_gqa1_B32_Hq8_Hkv1_S512_D128,
decode,1,32,16,1,128,128,0,701999,0.02,,11.8,200.4565,205.479,analytic,33554432,2359296,True,tb_logs/decode_gqa1_B32_Hq16_Hkv1_S128_D128,
decode,1,32,16,1,256,128,0,731465,0.03,,21.3,208.8705,213.714,analytic,67108864,4456448,True,tb_logs/decode_gqa1_B32_Hq16_Hkv1_S256_D128,
decode,1,32,16,1,512,128,0,820553,0.06,,36.9,234.3099,239.42,analytic,134217728,8650752,True,tb_logs/decode_gqa1_B32_Hq16_Hkv1_S512_D128,
decode,1,32,16,2,128,128,0,736133,0.02,,21.2,210.2037,215.202,analytic,33554432,4456448,True,tb_logs/decode_gqa1_B32_Hq16_Hkv2_S128_D128,
decode,1,32,16,2,256,128,0,771063,0.03,,39.3,220.178,225.158,analytic,67108864,8650752,True,tb_logs/decode_gqa1_B32_Hq16_Hkv2_S256_D128,
decode,1,32,16,2,512,128,0,875174,0.06,,68.2,249.907,254.29,analytic,134217728,17039360,True,tb_logs/decode_gqa1_B32_Hq16_Hkv2_S512_D128,
decode,1,32,12,4,128,128,0,639796,0.02,,47.0,182.6944,188.13,analytic,25165824,8585216,True,tb_logs/decode_gqa1_B32_Hq12_Hkv4_S128_D128,
decode,1,32,12,4,256,128,0,679306,0.03,,87.5,193.9767,199.358,analytic,50331648,16973824,True,tb_logs/decode_gqa1_B32_Hq12_Hkv4_S256_D128,
decode,1,32,12,4,512,128,0,755580,0.05,,156.4,215.7567,221.244,analytic,100663296,33751040,True,tb_logs/decode_gqa1_B32_Hq12_Hkv4_S512_D128,
decode,1,32,32,4,128,128,0,1464008,0.02,,21.3,418.0491,423.93,analytic,67108864,8912896,True,tb_logs/decode_gqa1_B32_Hq32_Hkv4_S128_D128,
decode,1,32,32,4,256,128,0,1554522,0.03,,39.0,443.8954,450.034,analytic,134217728,17301504,True,tb_logs/decode_gqa1_B32_Hq32_Hkv4_S256_D128,
decode,1,32,32,4,512,128,0,1749324,0.06,,68.2,499.5213,506.836,analytic,268435456,34078720,True,tb_logs/decode_gqa1_B32_Hq32_Hkv4_S512_D128,
decode,1,32,64,8,128,128,0,2949199,0.02,,21.2,842.147,848.657,analytic,134217728,17825792,True,tb_logs/decode_gqa1_B32_Hq64_Hkv8_S128_D128,
decode,1,32,64,8,256,128,0,3052177,0.03,,39.7,871.5525,878.025,analytic,268435456,34603008,True,tb_logs/decode_gqa1_B32_Hq64_Hkv8_S256_D128,
decode,1,32,64,8,512,128,0,3497547,0.06,,68.2,998.7285,1006.551,analytic,536870912,68157440,True,tb_logs/decode_gqa1_B32_Hq64_Hkv8_S512_D128,
